id,first_name,last_name,email,age,gender,state,street_address,postal_code,city,country,latitude,longitude,traffic_source,created_at
8923,Alexandria,Hernandez,alexandriahernandez@example.com,65,F,Acre,0455 Ramos Stravenue Apt. 481,69917-400,Rio Branco,Brasil,-9.945567619,-67.83560991,Organic,03/08/2020 18:06:00
35560,Victor,Mcfarland,victormcfarland@example.com,35,M,Acre,31680 Donald Hollow Suite 167,69917-400,Rio Branco,Brasil,-9.945567619,-67.83560991,Search,23/12/2021 15:48:00
48084,Anne,Contreras,annecontreras@example.com,54,F,Acre,0640 Kerry Views,69917-400,Rio Branco,Brasil,-9.945567619,-67.83560991,Search,01/09/2022 01:59:00
49908,Troy,Watts,troywatts@example.net,65,M,Acre,866 Courtney Tunnel,69917-400,Rio Branco,Brasil,-9.945567619,-67.83560991,Search,18/11/2022 02:26:00
57731,Barbara,Sanchez,barbarasanchez@example.com,12,F,Acre,0011 Diaz Shores,69917-400,Rio Branco,Brasil,-9.945567619,-67.83560991,Search,18/11/2021 15:54:00
60029,Gabrielle,Sanders,gabriellesanders@example.org,61,F,Acre,743 Robert Common Apt. 360,69917-400,Rio Branco,Brasil,-9.945567619,-67.83560991,Organic,10/04/2023 14:02:00
67608,Johnny,Neal,johnnyneal@example.com,26,M,Acre,8136 Hancock Walks,69917-400,Rio Branco,Brasil,-9.945567619,-67.83560991,Organic,05/05/2022 04:36:00
70106,Sara,Combs,saracombs@example.net,40,F,Acre,061 William Motorway,69917-400,Rio Branco,Brasil,-9.945567619,-67.83560991,Search,16/08/2019 01:02:00
75832,David,Hernandez,davidhernandez@example.org,55,M,Acre,43144 Amanda Spur Apt. 798,69917-400,Rio Branco,Brasil,-9.945567619,-67.83560991,Search,14/04/2022 11:54:00
79724,Betty,Snyder,bettysnyder@example.com,46,F,Acre,2412 Dorsey Knolls,69917-400,Rio Branco,Brasil,-9.945567619,-67.83560991,Search,22/01/2023 16:21:00
88095,Matthew,Hernandez,matthewhernandez@example.com,29,M,Acre,4566 Patrick Oval,69917-400,Rio Branco,Brasil,-9.945567619,-67.83560991,Search,09/05/2020 15:48:00
4876,Natalie,Williams,nataliewilliams@example.org,61,F,Acre,007 George Stravenue,69940-000,Sena Madureira,Brasil,-9.857324143,-69.4370574,Organic,30/08/2019 00:56:00
18420,Nicholas,Smith,nicholassmith@example.org,21,M,Acre,5924 Carla Plains,69940-000,Sena Madureira,Brasil,-9.857324143,-69.4370574,Search,07/10/2023 12:46:00
31869,Christina,Martinez,christinamartinez@example.org,42,F,Acre,02659 Singh Throughway,69940-000,Sena Madureira,Brasil,-9.857324143,-69.4370574,Search,21/10/2020 12:00:00
31932,Andrew,Knapp,andrewknapp@example.net,21,M,Acre,51382 Johnson Track,69940-000,Sena Madureira,Brasil,-9.857324143,-69.4370574,Search,29/10/2021 17:13:00
32053,William,Mccarthy,williammccarthy@example.org,17,M,Acre,1140 Warren Corners Suite 248,69940-000,Sena Madureira,Brasil,-9.857324143,-69.4370574,Display,27/09/2022 00:06:00
40091,Cynthia,Leach,cynthialeach@example.org,56,F,Acre,90502 Melissa Garden,69940-000,Sena Madureira,Brasil,-9.857324143,-69.4370574,Search,07/03/2023 13:32:00
50660,Ronald,Perez,ronaldperez@example.net,31,M,Acre,550 Butler Plain,69940-000,Sena Madureira,Brasil,-9.857324143,-69.4370574,Search,11/12/2019 04:16:00
51848,Melissa,Butler,melissabutler@example.net,16,F,Acre,41214 Morgan Flat Suite 461,69940-000,Sena Madureira,Brasil,-9.857324143,-69.4370574,Facebook,12/01/2021 14:21:00
53258,William,Sullivan,williamsullivan@example.com,31,M,Acre,290 Hunt Terrace,69940-000,Sena Madureira,Brasil,-9.857324143,-69.4370574,Search,16/02/2020 07:55:00
53726,Aaron,Warren,aaronwarren@example.com,70,M,Acre,4725 Savannah Viaduct,69940-000,Sena Madureira,Brasil,-9.857324143,-69.4370574,Facebook,22/10/2021 07:16:00
58626,Catherine,Willis,catherinewillis@example.net,49,F,Acre,67920 Thomas Loaf,69940-000,Sena Madureira,Brasil,-9.857324143,-69.4370574,Search,27/08/2020 18:27:00
70994,Mark,Daniels,markdaniels@example.net,40,M,Acre,18468 Turner Highway Apt. 189,69940-000,Sena Madureira,Brasil,-9.857324143,-69.4370574,Search,25/04/2020 05:10:00
86208,Richard,Lawrence,richardlawrence@example.net,33,M,Acre,4782 Peterson Fork,69940-000,Sena Madureira,Brasil,-9.857324143,-69.4370574,Search,24/11/2022 10:24:00
92536,Joyce,Fuller,joycefuller@example.org,49,F,Acre,51290 Hogan Trail Apt. 272,69940-000,Sena Madureira,Brasil,-9.857324143,-69.4370574,Search,30/05/2020 02:01:00
94723,Mallory,Lyons,mallorylyons@example.net,42,F,Acre,8444 Conley Shores,69940-000,Sena Madureira,Brasil,-9.857324143,-69.4370574,Facebook,25/10/2022 02:59:00
98753,Kimberly,Parker,kimberlyparker@example.net,28,F,Acre,49474 Fritz Groves Suite 591,69940-000,Sena Madureira,Brasil,-9.857324143,-69.4370574,Email,19/10/2022 10:15:00
18336,Angela,Freeman,angelafreeman@example.com,41,F,Acre,343 Evan Isle,69970-000,Tarauacá,Brasil,-8.325245103,-71.55302951,Organic,22/10/2021 01:03:00
23417,Melissa,Potter,melissapotter@example.org,68,F,Acre,0682 Wilson Common Apt. 384,69970-000,Tarauacá,Brasil,-8.325245103,-71.55302951,Search,16/09/2022 11:48:00
27997,Patrick,Ward,patrickward@example.com,46,M,Acre,214 John Roads,69970-000,Tarauacá,Brasil,-8.325245103,-71.55302951,Search,25/08/2023 14:41:00
47306,Mitchell,Mcintosh,mitchellmcintosh@example.com,44,M,Acre,58370 Shane Port,69970-000,Tarauacá,Brasil,-8.325245103,-71.55302951,Search,18/03/2020 06:28:00
59327,Susan,Caldwell,susancaldwell@example.org,68,F,Acre,5225 Brian Drive Suite 774,69970-000,Tarauacá,Brasil,-8.325245103,-71.55302951,Search,17/08/2019 00:13:00
4535,Stephanie,Reyes,stephaniereyes@example.org,68,F,Acre,0772 Wendy Vista Apt. 186,69980-000,null,Brasil,-8.065346116,-72.87094866,Search,29/05/2021 17:37:00
9162,Isabella,Reilly,isabellareilly@example.org,12,F,Acre,89691 Ayers Points Apt. 281,69980-000,null,Brasil,-8.065346116,-72.87094866,Search,25/08/2023 12:09:00
20319,Michael,Gill,michaelgill@example.net,70,M,Acre,66176 Andrew Oval,69980-000,null,Brasil,-8.065346116,-72.87094866,Search,28/10/2022 06:21:00
36313,Teresa,Burnett,teresaburnett@example.com,32,F,Acre,28014 Eric Estate Apt. 904,69980-000,null,Brasil,-8.065346116,-72.87094866,Facebook,03/08/2019 07:32:00
41398,Madeline,Townsend,madelinetownsend@example.org,18,F,Acre,490 Amy Mountain,69980-000,null,Brasil,-8.065346116,-72.87094866,Search,27/01/2020 02:42:00
57966,Sharon,Wilson,sharonwilson@example.org,46,F,Acre,77315 Corey Via Apt. 863,69980-000,null,Brasil,-8.065346116,-72.87094866,Search,18/05/2021 09:17:00
64759,Katherine,Murphy,katherinemurphy@example.org,60,F,Acre,69668 Miller Fork Apt. 690,69980-000,null,Brasil,-8.065346116,-72.87094866,Facebook,26/05/2021 04:04:00
66642,Crystal,Gay,crystalgay@example.com,32,F,Acre,14199 Daniel Drives,69980-000,null,Brasil,-8.065346116,-72.87094866,Display,11/03/2020 02:01:00
76439,Thomas,Torres,thomastorres@example.net,17,M,Acre,51257 Charles Dale,69980-000,null,Brasil,-8.065346116,-72.87094866,Search,20/09/2022 18:46:00
83665,Jeremiah,Garcia,jeremiahgarcia@example.net,14,M,Acre,5536 Stephen Forges Apt. 588,69980-000,null,Brasil,-8.065346116,-72.87094866,Search,25/02/2023 01:55:00
98922,Colleen,Castro,colleencastro@example.org,20,F,Acre,5348 Huynh Summit,69980-000,null,Brasil,-8.065346116,-72.87094866,Search,07/07/2021 05:19:00
99972,Peter,Peterson,peterpeterson@example.net,66,M,Acre,8167 Randy Hill Suite 217,69980-000,null,Brasil,-8.065346116,-72.87094866,Search,17/05/2020 02:31:00
4963,Sherry,Lane,sherrylane@example.com,45,F,Gifu,795 Karen Fields Suite 025,507-0901,Tajimi City,Japan,35.2940372,137.1606303,Search,26/08/2023 17:42:00
28018,Kenneth,Sims,kennethsims@example.org,17,M,Gifu,6798 Zimmerman Flats Suite 142,507-0901,Tajimi City,Japan,35.2940372,137.1606303,Organic,13/02/2020 17:32:00
41833,Sharon,Ferguson,sharonferguson@example.net,31,F,Gifu,4470 Phyllis Drives,507-0901,Tajimi City,Japan,35.2940372,137.1606303,Search,13/06/2021 18:28:00
49067,Jacqueline,Li,jacquelineli@example.org,25,F,Gifu,14207 Justin Valleys,508-0001,Nakatsugawa City,Japan,35.44906316,137.5578777,Display,22/04/2020 01:08:00
95283,Lori,Burton,loriburton@example.com,52,F,Gifu,793 Alexis Hill Apt. 766,509-0206,Visa city,Japan,35.42476281,137.0152741,Search,03/05/2019 17:12:00
45033,Amanda,Allen,amandaallen@example.net,65,F,Iowa,870 Hess Bridge,50010,Ames,United States,42.03294842,-93.59109706,Search,04/02/2020 10:09:00
64315,Denise,Fitzgerald,denisefitzgerald@example.net,25,F,Iowa,2086 Haley Forest Suite 529,50010,Ames,United States,42.03294842,-93.59109706,Search,03/05/2022 03:48:00
89242,Anthony,Mcdowell,anthonymcdowell@example.com,25,M,Iowa,34240 Kimberly Trail,50010,Ames,United States,42.03294842,-93.59109706,Organic,14/04/2021 11:32:00
678,Justin,Brown,justinbrown@example.org,60,M,Iowa,39682 Amber Greens,50014,Ames,United States,42.05085639,-93.69778249,Search,03/03/2023 05:20:00
12294,Sarah,Logan,sarahlogan@example.org,33,F,Iowa,37865 Riley Well,50014,Ames,United States,42.05085639,-93.69778249,Organic,16/05/2020 17:06:00
12712,Erin,Andrews,erinandrews@example.com,66,F,Iowa,45187 Kevin Place,50014,Ames,United States,42.05085639,-93.69778249,Search,30/09/2019 01:57:00
60663,Erica,Smith,ericasmith@example.com,63,F,Iowa,4700 Stanton Pike,50014,Ames,United States,42.05085639,-93.69778249,Email,20/11/2023 14:28:26
78819,Jacqueline,Hayes,jacquelinehayes@example.org,42,F,Iowa,71754 Walker Grove Apt. 743,50014,Ames,United States,42.05085639,-93.69778249,Search,17/11/2023 06:29:33
97287,Beth,Bowman,bethbowman@example.org,56,F,Iowa,52831 Charles Turnpike,50014,Ames,United States,42.05085639,-93.69778249,Search,31/10/2023 13:26:00
16449,Brooke,Gonzales,brookegonzales@example.com,45,F,Iowa,2978 Cody Gardens,50021,Ankeny,United States,41.72312769,-93.57319618,Search,25/04/2023 03:10:00
27357,Scott,Thompson,scottthompson@example.net,39,M,Iowa,163 Christian Points Apt. 651,50021,Ankeny,United States,41.72312769,-93.57319618,Facebook,15/06/2021 05:46:00
37144,Bruce,Davis,brucedavis@example.com,49,M,Iowa,24316 Katie Mews Apt. 976,50021,Ankeny,United States,41.72312769,-93.57319618,Search,07/07/2023 05:30:00
41811,James,Carroll,jamescarroll@example.org,70,M,Iowa,72883 Castro Center,50021,Ankeny,United States,41.72312769,-93.57319618,Search,02/11/2022 18:47:00
2348,Christopher,Williamson,christopherwilliamson@example.com,42,M,Iowa,58462 Jeffrey Lake,50023,Ankeny,United States,41.72692042,-93.63137457,Search,09/09/2023 01:33:00
17787,Steven,Reed,stevenreed@example.org,65,M,Iowa,476 Christina Spurs,50023,Ankeny,United States,41.72692042,-93.63137457,Search,17/04/2020 12:31:00
33482,Nathaniel,Chan,nathanielchan@example.net,55,M,Iowa,4073 Marshall Curve Apt. 490,50023,Ankeny,United States,41.72692042,-93.63137457,Search,21/05/2021 03:23:00
34070,Joseph,Weaver,josephweaver@example.org,66,M,Iowa,251 Megan Burg Apt. 125,50023,Ankeny,United States,41.72692042,-93.63137457,Search,09/04/2019 06:44:00
56432,Marc,Thompson,marcthompson@example.org,67,M,Iowa,50425 Taylor Junctions,50023,Ankeny,United States,41.72692042,-93.63137457,Search,16/08/2023 06:35:00
61267,Thomas,Dorsey,thomasdorsey@example.org,55,M,Iowa,85219 Walter Groves Suite 780,50023,Ankeny,United States,41.72692042,-93.63137457,Organic,18/04/2021 00:37:00
27152,Christine,Baker,christinebaker@example.com,65,F,Iowa,72589 Alicia Cape,50158,Marshalltown,United States,42.05021584,-92.90257229,Search,05/01/2022 01:10:00
72420,Tyler,Salinas,tylersalinas@example.org,67,M,Iowa,95791 Gentry Shore Suite 656,50158,Marshalltown,United States,42.05021584,-92.90257229,Search,14/05/2021 00:06:00
95516,Shelby,Christian,shelbychristian@example.org,69,F,Iowa,4182 Shannon Unions Apt. 413,50158,Marshalltown,United States,42.05021584,-92.90257229,Organic,09/04/2022 07:35:00
31537,Natalie,Pruitt,nataliepruitt@example.net,51,F,Iowa,84257 Ford Overpass,50263,Waukee,United States,41.60340569,-93.87691664,Search,09/06/2022 00:12:00
39356,Hannah,Moran,hannahmoran@example.org,56,F,Iowa,0292 Robert Garden,50263,Waukee,United States,41.60340569,-93.87691664,Search,11/12/2022 04:28:00
95135,Patricia,Smith,patriciasmith@example.net,58,F,Iowa,9066 Anderson Burg Apt. 016,50263,Waukee,United States,41.60340569,-93.87691664,Search,21/09/2022 14:25:00
56512,Edward,Singh,edwardsingh@example.org,35,M,Iowa,2733 Alicia Greens,50265,West Des Moines,United States,41.55493287,-93.73686293,Facebook,06/08/2020 08:39:00
82729,Colleen,Marshall,colleenmarshall@example.org,27,F,Iowa,4926 Sean Park,50265,West Des Moines,United States,41.55493287,-93.73686293,Display,03/01/2023 09:50:00
14648,Sheri,Rivera,sheririvera@example.org,59,F,Iowa,4936 Tamara Lodge Apt. 416,50266,West Des Moines,United States,41.56696467,-93.80123444,Facebook,10/05/2023 07:16:00
45337,Seth,George,sethgeorge@example.com,12,M,Iowa,48377 Stephanie Fort,50266,West Des Moines,United States,41.56696467,-93.80123444,Search,22/06/2022 13:59:00
99924,Juan,Townsend,juantownsend@example.com,32,M,Iowa,875 Brad Dam Suite 816,50266,West Des Moines,United States,41.56696467,-93.80123444,Organic,01/05/2023 07:02:00
4297,Susan,George,susangeorge@example.org,12,F,Iowa,8111 Blanchard Road,50310,Des Moines,United States,41.62847322,-93.67298722,Search,12/10/2022 08:49:00
6173,William,Ibarra,williamibarra@example.org,24,M,Iowa,4716 Anthony Drive,50310,Des Moines,United States,41.62847322,-93.67298722,Search,28/07/2019 06:11:00
20261,Robert,Fry,robertfry@example.net,63,M,Iowa,488 Stokes Mill,50310,Des Moines,United States,41.62847322,-93.67298722,Organic,24/06/2022 05:58:00
45845,Robert,Grant,robertgrant@example.net,65,M,Iowa,44930 Jonathan Manor,50310,Des Moines,United States,41.62847322,-93.67298722,Search,23/11/2020 11:09:00
57620,Joseph,Chen,josephchen@example.org,36,M,Iowa,1259 Montgomery Extensions Apt. 920,50310,Des Moines,United States,41.62847322,-93.67298722,Search,06/02/2022 02:36:00
63005,Jessica,Golden,jessicagolden@example.org,68,F,Iowa,622 Frey Run,50310,Des Moines,United States,41.62847322,-93.67298722,Search,27/12/2021 17:44:00
11203,Kevin,Clark,kevinclark@example.com,60,M,Iowa,73497 Julie Turnpike Apt. 540,50315,Des Moines,United States,41.54423249,-93.62022787,Search,19/02/2019 07:06:00
43310,Shannon,Nicholson,shannonnicholson@example.net,65,F,Iowa,591 Vang Views,50315,Des Moines,United States,41.54423249,-93.62022787,Search,04/10/2020 14:26:00
86271,Richard,Sweeney,richardsweeney@example.net,27,M,Iowa,7271 Toni Islands Suite 738,50315,Des Moines,United States,41.54423249,-93.62022787,Organic,29/05/2022 12:40:00
86828,Ashley,Waters,ashleywaters@example.com,49,F,Iowa,464 Emily Road,50315,Des Moines,United States,41.54423249,-93.62022787,Search,31/01/2023 00:58:00
7675,Rebecca,Davis,rebeccadavis@example.net,52,F,Iowa,1746 Casey Extensions Suite 630,50317,Des Moines,United States,41.61672648,-93.54955984,Facebook,27/04/2023 04:00:00
29293,Karen,Le,karenle@example.org,42,F,Iowa,062 Derek Inlet,50317,Des Moines,United States,41.61672648,-93.54955984,Search,14/08/2023 18:14:00
57901,Patricia,Barnes,patriciabarnes@example.org,28,F,Iowa,1143 Jorge Gardens Suite 288,50317,Des Moines,United States,41.61672648,-93.54955984,Search,02/06/2023 18:34:00
67296,Samuel,Rose,samuelrose@example.net,18,M,Iowa,8873 Jessica Mission Suite 098,50317,Des Moines,United States,41.61672648,-93.54955984,Search,26/04/2021 11:37:00
73856,Michael,Chen,michaelchen@example.net,13,M,Iowa,29972 Evan Centers,50317,Des Moines,United States,41.61672648,-93.54955984,Search,04/02/2021 06:29:00
84309,Brian,Clark,brianclark@example.org,25,M,Iowa,43188 Micheal Fort,50317,Des Moines,United States,41.61672648,-93.54955984,Search,03/09/2021 06:08:00
90826,Dustin,Thompson,dustinthompson@example.org,67,M,Iowa,6305 Carla Junction,50317,Des Moines,United States,41.61672648,-93.54955984,Search,29/11/2022 09:20:00
11732,Hailey,Williams,haileywilliams@example.net,49,F,Iowa,40359 Miles Fords,50322,Urbandale,United States,41.63374603,-93.73592518,Search,08/01/2020 17:14:00
32987,Diamond,Dominguez,diamonddominguez@example.com,33,F,Iowa,9930 Stephen Ridges Apt. 575,50322,Urbandale,United States,41.63374603,-93.73592518,Search,11/03/2021 15:06:00
46537,Lucas,Shaw,lucasshaw@example.com,58,M,Iowa,772 Alexander Place Apt. 027,50322,Urbandale,United States,41.63374603,-93.73592518,Search,29/07/2021 06:16:00
51304,Bryan,Travis,bryantravis@example.org,44,M,Iowa,957 Wong Court Apt. 641,50322,Urbandale,United States,41.63374603,-93.73592518,Search,28/03/2020 03:42:00
67688,Elizabeth,Henson,elizabethhenson@example.org,49,F,Iowa,84516 Anderson Port,50322,Urbandale,United States,41.63374603,-93.73592518,Search,26/05/2020 14:42:00
74312,Derrick,Fletcher,derrickfletcher@example.net,53,M,Iowa,8719 Spencer Vista,50322,Urbandale,United States,41.63374603,-93.73592518,Organic,25/03/2019 04:07:00
75517,Tony,Gibson,tonygibson@example.org,30,M,Iowa,658 Brian Unions,50322,Urbandale,United States,41.63374603,-93.73592518,Search,10/03/2019 10:08:00
76397,Katelyn,Pratt,katelynpratt@example.com,65,F,Iowa,85822 Jeffery Tunnel,50322,Urbandale,United States,41.63374603,-93.73592518,Search,15/02/2019 15:22:00
90489,Veronica,Galvan,veronicagalvan@example.net,41,F,Iowa,162 Olsen Walks Suite 801,50322,Urbandale,United States,41.63374603,-93.73592518,Search,23/05/2020 10:00:00
96808,Chad,Branch,chadbranch@example.com,50,M,Iowa,2963 Kevin View Apt. 252,50322,Urbandale,United States,41.63374603,-93.73592518,Search,16/09/2020 14:31:00
97091,Jerry,Smith,jerrysmith@example.net,32,M,Iowa,8311 White Extensions Apt. 045,50322,Urbandale,United States,41.63374603,-93.73592518,Facebook,09/09/2021 11:27:00
27668,Trevor,Cuevas,trevorcuevas@example.com,37,M,Iowa,068 White Ferry,50401,Mason City,United States,43.14876125,-93.19040331,Search,28/02/2022 09:23:00
29512,Jose,Lloyd,joselloyd@example.net,45,M,Iowa,9018 Jennifer Springs Apt. 566,50401,Mason City,United States,43.14876125,-93.19040331,Email,22/09/2021 00:23:00
59589,Rhonda,Kirk,rhondakirk@example.com,70,F,Iowa,07112 Salas Views,50401,Mason City,United States,43.14876125,-93.19040331,Search,31/10/2021 00:23:00
68265,Jacob,Brown,jacobbrown@example.org,18,M,Iowa,16197 Harold Port Suite 057,50401,Mason City,United States,43.14876125,-93.19040331,Search,20/08/2023 12:48:00
6343,Leslie,Phillips,lesliephillips@example.org,22,F,Iowa,695 Rhodes Wells,50501,Fort Dodge,United States,42.49697782,-94.19179307,Search,22/05/2020 03:13:00
16607,Laura,Johnson,laurajohnson@example.com,42,F,Iowa,787 Christina Estates Suite 288,50501,Fort Dodge,United States,42.49697782,-94.19179307,Search,23/02/2022 00:08:00
63160,Madison,Day,madisonday@example.org,20,F,Iowa,75646 Key Gardens,50501,Fort Dodge,United States,42.49697782,-94.19179307,Search,12/02/2023 04:08:00
83055,Kathleen,Lyons,kathleenlyons@example.com,13,F,Iowa,26059 Macdonald Lakes,50501,Fort Dodge,United States,42.49697782,-94.19179307,Search,22/12/2019 01:33:00
1233,Cynthia,Brown,cynthiabrown@example.org,13,F,Iowa,20990 Hannah Common,50613,Cedar Falls,United States,42.53058701,-92.49377669,Search,12/05/2021 14:22:00
15044,Melanie,Moyer,melaniemoyer@example.net,24,F,Iowa,37827 Michael Road,50613,Cedar Falls,United States,42.53058701,-92.49377669,Search,14/09/2020 14:44:00
18712,Angela,Ford,angelaford@example.net,68,F,Iowa,6280 White Spur Suite 910,50613,Cedar Falls,United States,42.53058701,-92.49377669,Search,05/03/2023 13:57:00
19930,Joan,Cook,joancook@example.org,12,F,Iowa,8517 Kathy Lodge Apt. 953,50613,Cedar Falls,United States,42.53058701,-92.49377669,Search,20/10/2021 01:33:00
71249,James,Stone,jamesstone@example.org,66,M,Iowa,8036 Cervantes Passage Apt. 706,50613,Cedar Falls,United States,42.53058701,-92.49377669,Search,17/07/2021 08:34:00
1946,Veronica,Diaz,veronicadiaz@example.net,54,F,Iowa,23692 Sherri Way,50701,Waterloo,United States,42.41842434,-92.34214385,Organic,06/11/2021 18:50:00
7126,Karla,Daniel,karladaniel@example.org,63,F,Iowa,675 Patterson Viaduct,50701,Waterloo,United States,42.41842434,-92.34214385,Search,15/10/2020 06:47:00
10485,John,Cantrell,johncantrell@example.org,57,M,Iowa,645 Andrews Viaduct Suite 080,50701,Waterloo,United States,42.41842434,-92.34214385,Search,10/12/2020 07:43:00
19025,Caitlin,Coffey,caitlincoffey@example.org,47,F,Iowa,308 Crystal Islands Suite 542,50701,Waterloo,United States,42.41842434,-92.34214385,Search,07/02/2022 16:23:00
37954,Sabrina,Morales,sabrinamorales@example.net,50,F,Iowa,2143 Morgan Curve,50701,Waterloo,United States,42.41842434,-92.34214385,Search,07/03/2020 07:55:00
58560,Sarah,Freeman,sarahfreeman@example.net,37,F,Iowa,42759 Sandra Rue,50701,Waterloo,United States,42.41842434,-92.34214385,Search,27/04/2023 05:18:00
65462,Joanna,Perry,joannaperry@example.org,38,F,Iowa,69644 Barry Circles Apt. 821,50701,Waterloo,United States,42.41842434,-92.34214385,Display,15/10/2022 18:48:00
81620,Jeffrey,Pruitt,jeffreypruitt@example.com,48,M,Iowa,0258 Kelly Place,50701,Waterloo,United States,42.41842434,-92.34214385,Search,25/07/2023 10:33:00
87799,John,Whitehead,johnwhitehead@example.org,57,M,Iowa,954 Robin Drive,50701,Waterloo,United States,42.41842434,-92.34214385,Search,31/05/2023 18:22:00
98586,Carmen,Whitehead,carmenwhitehead@example.org,64,F,Iowa,20947 Jessica Lodge,50701,Waterloo,United States,42.41842434,-92.34214385,Facebook,02/05/2021 10:12:00
79907,Laura,Oconnell,lauraoconnell@example.net,66,F,Iowa,696 Timothy Harbors Suite 778,51106,Sioux City,United States,42.46540472,-96.32538769,Search,04/10/2021 16:21:00
88536,Ryan,Wagner,ryanwagner@example.com,25,M,Iowa,8736 Joshua Gateway Apt. 766,51106,Sioux City,United States,42.46540472,-96.32538769,Organic,19/11/2023 09:52:54
11795,Ronnie,Mclaughlin,ronniemclaughlin@example.net,39,M,Iowa,60391 Wesley Streets Apt. 716,51501,Council Bluffs,United States,41.22723883,-95.87856885,Search,08/04/2021 07:36:00
60592,Thomas,Jordan,thomasjordan@example.com,49,M,Iowa,019 Garrett Bridge,51501,Council Bluffs,United States,41.22723883,-95.87856885,Search,16/04/2020 12:08:00
59177,Erik,Anderson,erikanderson@example.net,15,M,Iowa,96994 Sanchez Rapid Suite 984,51503,Council Bluffs,United States,41.22992127,-95.77466341,Search,04/08/2021 17:06:00
64426,Jamie,Yang,jamieyang@example.org,40,M,Iowa,2445 Jennifer Shoals Apt. 830,51503,Council Bluffs,United States,41.22992127,-95.77466341,Search,11/10/2021 04:52:00
75787,Christian,Torres,christiantorres@example.net,40,M,Iowa,99231 Mallory Lakes,51503,Council Bluffs,United States,41.22992127,-95.77466341,Search,10/06/2020 15:07:00
575,Paul,Smith,paulsmith@example.org,47,M,Iowa,1882 Baker Ford Suite 366,52001,Dubuque,United States,42.55110128,-90.69384671,Search,19/03/2021 04:12:00
9416,Christopher,Smith,christophersmith@example.org,56,M,Iowa,5196 Gaines Walk Suite 814,52001,Dubuque,United States,42.55110128,-90.69384671,Search,02/08/2022 06:15:00
47637,Ashley,Hoffman,ashleyhoffman@example.com,16,F,Iowa,850 Chad Estate,52001,Dubuque,United States,42.55110128,-90.69384671,Search,09/08/2020 07:02:00
46221,Michael,Clark,michaelclark@example.org,15,M,Iowa,77646 Hernandez Square,52240,Iowa City,United States,41.63145263,-91.50193352,Search,30/12/2021 04:49:00
22034,Maria,Garza,mariagarza@example.org,37,F,Iowa,84664 Downs Rue,52246,Iowa City,United States,41.64986027,-91.60086371,Search,04/10/2022 16:56:00
86057,Christina,Mccall,christinamccall@example.com,13,F,Iowa,53322 Brad Spur Suite 224,52246,Iowa City,United States,41.64986027,-91.60086371,Search,31/12/2020 10:13:00
87018,Michael,Lewis,michaellewis@example.org,22,M,Iowa,157 Ricky Turnpike Suite 203,52246,Iowa City,United States,41.64986027,-91.60086371,Search,06/08/2019 18:15:00
14382,Carl,Mercer,carlmercer@example.net,35,M,Iowa,50148 Jerry Oval Suite 671,52302,Marion,United States,42.0685013,-91.57154494,Search,23/03/2023 10:12:00
49944,Frank,Preston,frankpreston@example.com,59,M,Iowa,30289 Lauren Orchard Apt. 620,52302,Marion,United States,42.0685013,-91.57154494,Organic,30/09/2022 08:28:00
64886,Tiffany,Newman,tiffanynewman@example.net,45,F,Iowa,56528 Amanda Turnpike,52302,Marion,United States,42.0685013,-91.57154494,Search,11/01/2020 10:58:00
66514,Jason,Gutierrez,jasongutierrez@example.com,32,M,Iowa,184 Jennifer Freeway Apt. 781,52302,Marion,United States,42.0685013,-91.57154494,Search,29/11/2022 08:20:00
80252,Lisa,Robertson,lisarobertson@example.net,12,F,Iowa,44271 Cantu Falls,52302,Marion,United States,42.0685013,-91.57154494,Search,31/10/2020 06:13:00
93037,Kyle,Benitez,kylebenitez@example.net,36,M,Iowa,0571 David Landing Suite 598,52302,Marion,United States,42.0685013,-91.57154494,Search,03/08/2022 18:05:00
15115,Mckenzie,Davis,mckenziedavis@example.org,12,F,Iowa,31054 Carmen Fords,52402,Cedar Rapids,United States,42.02316793,-91.65887589,Search,13/06/2020 07:48:00
53874,Frank,Anderson,frankanderson@example.com,21,M,Iowa,4022 Henderson Fords,52402,Cedar Rapids,United States,42.02316793,-91.65887589,Search,17/06/2021 05:58:00
65287,Alicia,Clark,aliciaclark@example.net,55,F,Iowa,2424 Patricia Branch,52402,Cedar Rapids,United States,42.02316793,-91.65887589,Search,19/06/2021 03:00:00
78446,Jason,Baker,jasonbaker@example.com,54,M,Iowa,503 Murray Creek Apt. 031,52402,Cedar Rapids,United States,42.02316793,-91.65887589,Search,23/06/2022 15:21:00
3576,Andrea,Browning,andreabrowning@example.com,46,F,Iowa,947 Emily Ford Suite 186,52404,Cedar Rapids,United States,41.92459473,-91.69758075,Search,28/06/2022 01:56:00
43342,Jacob,Harrison,jacobharrison@example.org,44,M,Iowa,945 Barr Cliff Suite 035,52404,Cedar Rapids,United States,41.92459473,-91.69758075,Search,26/11/2022 03:14:00
51705,John,Martinez,johnmartinez@example.org,22,M,Iowa,6048 Perez Point,52404,Cedar Rapids,United States,41.92459473,-91.69758075,Email,05/07/2022 04:41:00
67279,Roger,Kramer,rogerkramer@example.net,47,M,Iowa,22712 Brooke Roads Apt. 138,52404,Cedar Rapids,United States,41.92459473,-91.69758075,Search,31/07/2023 14:55:00
83051,Rebecca,Barrett,rebeccabarrett@example.net,29,F,Iowa,25981 Rocha Springs Apt. 896,52404,Cedar Rapids,United States,41.92459473,-91.69758075,Search,11/01/2019 00:56:00
30583,Carrie,Wilson,carriewilson@example.com,21,F,Iowa,033 Armstrong Divide,52405,Cedar Rapids,United States,41.98572539,-91.75085249,Search,24/02/2022 00:38:00
99239,Melissa,Brooks,melissabrooks@example.net,19,F,Iowa,76373 Fry Neck,52405,Cedar Rapids,United States,41.98572539,-91.75085249,Search,24/05/2023 00:04:00
1493,Brian,Richardson,brianrichardson@example.org,59,M,Iowa,5729 Anthony Forest Apt. 453,52501,Ottumwa,United States,41.043691,-92.42882185,Organic,03/05/2021 02:54:00
44138,Daniel,Mathews,danielmathews@example.com,14,M,Iowa,58088 Amber Pass,52501,Ottumwa,United States,41.043691,-92.42882185,Search,03/11/2019 15:27:00
97687,Lori,Huynh,lorihuynh@example.com,13,F,Iowa,77039 Danielle Island Suite 991,52501,Ottumwa,United States,41.043691,-92.42882185,Search,26/06/2020 12:09:00
27465,Keith,Harrington,keithharrington@example.org,68,M,Iowa,6098 Brandon Springs Suite 391,52601,Burlington,United States,40.85364557,-91.1162663,Search,07/01/2023 01:37:00
45408,Patricia,Huang,patriciahuang@example.org,36,F,Iowa,890 Beasley Burg,52601,Burlington,United States,40.85364557,-91.1162663,Organic,01/11/2023 13:20:00
47332,Mary,Kelly,marykelly@example.com,18,F,Iowa,696 Dawn Fork Apt. 996,52601,Burlington,United States,40.85364557,-91.1162663,Search,09/12/2020 06:22:00
86157,Steven,Washington,stevenwashington@example.com,68,M,Iowa,93217 Donna Islands,52601,Burlington,United States,40.85364557,-91.1162663,Search,06/03/2023 12:54:00
87865,Daniel,Brady,danielbrady@example.org,36,M,Iowa,4324 Newman Way,52601,Burlington,United States,40.85364557,-91.1162663,Search,04/08/2019 17:54:00
36189,Robert,Davis,robertdavis@example.net,66,M,Iowa,4387 Scott Walk,52722,Bettendorf,United States,41.56430189,-90.4682523,Facebook,16/07/2020 01:48:00
60552,Gary,Miller,garymiller@example.org,60,M,Iowa,0865 Wallace Spurs,52722,Bettendorf,United States,41.56430189,-90.4682523,Search,12/10/2019 06:51:00
95680,Jeffrey,Taylor,jeffreytaylor@example.org,48,M,Iowa,59760 Kathy Ports Apt. 007,52722,Bettendorf,United States,41.56430189,-90.4682523,Facebook,09/11/2021 17:09:00
66849,Alicia,Henderson,aliciahenderson@example.org,28,F,Iowa,95045 York View,52732,Clinton,United States,41.89916445,-90.24912041,Search,26/07/2023 09:26:00
73743,Herbert,Patel,herbertpatel@example.com,30,M,Iowa,10547 Gonzalez Ports,52732,Clinton,United States,41.89916445,-90.24912041,Search,26/07/2021 00:25:00
89769,Caleb,Sullivan,calebsullivan@example.com,14,M,Iowa,881 Caleb Island Apt. 374,52732,Clinton,United States,41.89916445,-90.24912041,Search,06/09/2021 06:07:00
11537,Samantha,Solis,samanthasolis@example.org,29,F,Iowa,1392 Emily Ports,52761,Muscatine,United States,41.44853376,-91.04640746,Search,21/08/2019 08:58:00
43716,Justin,Tanner,justintanner@example.com,19,M,Iowa,4547 Hernandez Streets,52761,Muscatine,United States,41.44853376,-91.04640746,Organic,03/02/2020 06:57:00
48398,Michelle,Jackson,michellejackson@example.net,39,F,Iowa,329 Becky Curve,52761,Muscatine,United States,41.44853376,-91.04640746,Search,17/08/2019 07:46:00
96387,Lisa,Kelly,lisakelly@example.com,34,F,Iowa,915 Miller Springs,52761,Muscatine,United States,41.44853376,-91.04640746,Organic,01/03/2022 14:35:00
71774,Megan,Nolan,megannolan@example.net,32,F,Iowa,43829 Odonnell Village Suite 508,52804,Davenport,United States,41.52982149,-90.67884138,Search,25/11/2020 06:22:00
22005,Daryl,Ball,darylball@example.com,26,M,Iowa,744 Campbell Skyway,52806,Davenport,United States,41.58861729,-90.62777966,Search,05/04/2023 15:17:00
70910,Kimberly,Pacheco,kimberlypacheco@example.org,54,F,Iowa,7731 Tiffany Tunnel Apt. 685,52806,Davenport,United States,41.58861729,-90.62777966,Search,05/02/2019 16:57:00
80786,Christina,Nichols,christinanichols@example.org,67,F,Nara,5760 Gina Tunnel Suite 563,630-0101,Ikoma City,Japan,34.75243762,135.7236944,Organic,06/12/2022 11:26:00
3543,Melissa,Fernandez,melissafernandez@example.net,47,F,Ohio,5134 Bradshaw Junction Apt. 343,43015,Delaware,United States,40.29746726,-83.06203647,Search,09/09/2019 11:13:00
4018,Loretta,Marquez,lorettamarquez@example.org,34,F,Ohio,06096 Garcia Fall,43015,Delaware,United States,40.29746726,-83.06203647,Search,07/08/2020 08:50:00
43547,Theresa,Kemp,theresakemp@example.org,14,F,Ohio,488 Hart Ford Apt. 435,43015,Delaware,United States,40.29746726,-83.06203647,Facebook,03/04/2020 07:57:00
45020,Amber,Price,amberprice@example.org,44,F,Ohio,2823 Freeman Island,43015,Delaware,United States,40.29746726,-83.06203647,Search,26/07/2023 04:46:00
55164,Ashley,Carter,ashleycarter@example.org,40,F,Ohio,6392 Patrick Inlet Suite 030,43015,Delaware,United States,40.29746726,-83.06203647,Search,21/07/2020 02:33:00
59389,Linda,Mclean,lindamclean@example.net,37,F,Ohio,990 Jordan Lights,43015,Delaware,United States,40.29746726,-83.06203647,Facebook,18/08/2020 15:35:00
69061,Brian,Reyes,brianreyes@example.net,29,M,Ohio,3197 Gutierrez Fords Suite 449,43015,Delaware,United States,40.29746726,-83.06203647,Facebook,12/05/2021 08:08:00
70863,Anna,Martinez,annamartinez@example.net,55,F,Ohio,709 Brady Manor Apt. 318,43015,Delaware,United States,40.29746726,-83.06203647,Search,27/02/2022 03:09:00
85470,Tiffany,Small,tiffanysmall@example.org,67,F,Ohio,01143 Jeffrey Turnpike Suite 792,43015,Delaware,United States,40.29746726,-83.06203647,Organic,27/06/2023 16:07:00
85948,Amber,Miller,ambermiller@example.net,32,F,Ohio,548 Shawn Groves,43015,Delaware,United States,40.29746726,-83.06203647,Search,02/03/2019 14:53:00
95358,Kristen,Nichols,kristennichols@example.com,49,F,Ohio,843 John Harbors,43015,Delaware,United States,40.29746726,-83.06203647,Organic,02/10/2020 00:42:00
78197,Alyssa,Blair,alyssablair@example.net,48,F,Ohio,1834 Boone Ford,43016,Dublin,United States,40.09559699,-83.15338995,Organic,20/03/2023 07:32:00
3024,Sharon,Howard,sharonhoward@example.net,55,F,Ohio,7405 Steven Pines Suite 766,43017,Dublin,United States,40.11868959,-83.13088525,Organic,21/02/2023 02:56:00
4984,John,Browning,johnbrowning@example.com,18,M,Ohio,30998 Estrada Brooks,43017,Dublin,United States,40.11868959,-83.13088525,Search,17/01/2023 11:01:00
8919,Ryan,Smith,ryansmith@example.org,24,M,Ohio,5129 Drew Junctions Apt. 320,43017,Dublin,United States,40.11868959,-83.13088525,Search,28/10/2023 11:48:00
17828,Omar,Wells,omarwells@example.org,45,M,Ohio,59833 William Centers Apt. 393,43017,Dublin,United States,40.11868959,-83.13088525,Display,21/07/2022 03:33:00
36002,Heather,Larsen,heatherlarsen@example.com,15,F,Ohio,57254 Collier Shore,43017,Dublin,United States,40.11868959,-83.13088525,Email,06/05/2023 08:43:00
41598,Bradley,Smith,bradleysmith@example.org,31,M,Ohio,4153 Alexander Forge Apt. 580,43017,Dublin,United States,40.11868959,-83.13088525,Organic,11/09/2020 02:30:00
49762,Richard,White,richardwhite@example.org,37,M,Ohio,188 Morse Court,43017,Dublin,United States,40.11868959,-83.13088525,Organic,17/02/2021 14:23:00
67409,Maureen,Lee,maureenlee@example.org,36,F,Ohio,581 Tyler Loaf Suite 265,43017,Dublin,United States,40.11868959,-83.13088525,Organic,03/01/2021 18:43:00
71908,Laura,Jacobs,laurajacobs@example.com,57,F,Ohio,7836 Benjamin Unions,43017,Dublin,United States,40.11868959,-83.13088525,Organic,11/11/2020 10:16:00
83462,Daisy,Reed,daisyreed@example.com,38,F,Ohio,47204 Heather Fords,43017,Dublin,United States,40.11868959,-83.13088525,Search,03/07/2022 06:12:00
83574,Matthew,Heath,matthewheath@example.org,13,M,Ohio,77504 Natalie Glens Suite 027,43017,Dublin,United States,40.11868959,-83.13088525,Search,12/04/2020 03:09:00
86333,Daniel,Quinn,danielquinn@example.net,14,M,Ohio,50188 Matthew Court,43017,Dublin,United States,40.11868959,-83.13088525,Organic,24/12/2022 02:27:00
99360,Samuel,Wright,samuelwright@example.org,55,M,Ohio,4901 Mccoy Curve,43017,Dublin,United States,40.11868959,-83.13088525,Search,12/06/2022 15:49:00
2022,Johnny,Brown,johnnybrown@example.org,50,M,Ohio,45721 Garner Harbor,43026,Hilliard,United States,40.02299131,-83.1844949,Search,13/01/2022 03:45:00
28239,Linda,Hughes,lindahughes@example.com,57,F,Ohio,71298 Robert Landing Apt. 470,43026,Hilliard,United States,40.02299131,-83.1844949,Search,08/10/2022 12:51:00
55114,Shannon,Sanchez,shannonsanchez@example.net,34,F,Ohio,4623 Knight Wall,43026,Hilliard,United States,40.02299131,-83.1844949,Search,01/07/2023 10:17:00
58261,Adam,Burns,adamburns@example.net,56,M,Ohio,57355 Flores Mills,43026,Hilliard,United States,40.02299131,-83.1844949,Search,13/03/2019 03:25:00
74558,Courtney,Diaz,courtneydiaz@example.net,54,F,Ohio,6576 Parker Viaduct,43026,Hilliard,United States,40.02299131,-83.1844949,Organic,10/01/2022 04:11:00
83452,Nicolas,Larsen,nicolaslarsen@example.com,50,M,Ohio,8575 Benjamin Knoll,43026,Hilliard,United States,40.02299131,-83.1844949,Organic,03/06/2020 07:02:00
91174,Renee,Patton,reneepatton@example.net,36,F,Ohio,6150 Hampton Lodge,43026,Hilliard,United States,40.02299131,-83.1844949,Display,12/08/2021 13:35:00
21007,Melissa,Acosta,melissaacosta@example.org,61,F,Ohio,4246 Carl Wells Apt. 775,43035,Lewis Center,United States,40.18673438,-82.99500607,Search,14/09/2022 06:54:00
38277,Elizabeth,Black,elizabethblack@example.net,70,F,Ohio,2364 Steven Hill,43035,Lewis Center,United States,40.18673438,-82.99500607,Search,13/04/2023 18:30:00
48615,Jennifer,Hoffman,jenniferhoffman@example.net,70,F,Ohio,776 Cowan Manor,43035,Lewis Center,United States,40.18673438,-82.99500607,Search,04/09/2021 01:35:00
99868,Michael,Thomas,michaelthomas@example.org,65,M,Ohio,91200 Brian Parks,43035,Lewis Center,United States,40.18673438,-82.99500607,Facebook,29/08/2020 10:48:00
34718,Christopher,Barnes,christopherbarnes@example.net,16,M,Ohio,092 Christopher Station Apt. 468,43040,Marysville,United States,40.26014963,-83.36015738,Search,09/02/2022 00:03:00
40089,Wendy,Franklin,wendyfranklin@example.net,16,F,Ohio,399 Anthony Crossing Suite 452,43040,Marysville,United States,40.26014963,-83.36015738,Search,20/11/2023 12:02:01
68409,Paula,Turner,paulaturner@example.net,32,F,Ohio,18157 Roberts Gardens,43040,Marysville,United States,40.26014963,-83.36015738,Search,20/11/2020 17:04:00
10940,Maureen,Clark,maureenclark@example.net,20,F,Ohio,829 Patrick Trail Apt. 723,43050,Mount Vernon,United States,40.37072698,-82.49733522,Search,23/10/2023 05:49:00
28582,Madison,Cruz,madisoncruz@example.net,22,F,Ohio,17144 Joseph Lights,43050,Mount Vernon,United States,40.37072698,-82.49733522,Search,10/03/2023 05:22:00
73854,Olivia,Cook,oliviacook@example.com,41,F,Ohio,0635 Robert Springs Suite 581,43050,Mount Vernon,United States,40.37072698,-82.49733522,Search,01/09/2019 06:42:00
20513,David,Bowers,davidbowers@example.net,31,M,Ohio,40102 Nicholas Shoals Apt. 644,43055,Newark,United States,40.11731433,-82.37949893,Search,26/09/2021 12:08:00
60125,Dawn,Rodriguez,dawnrodriguez@example.org,23,F,Ohio,89008 Denise Brooks Apt. 789,43055,Newark,United States,40.11731433,-82.37949893,Search,28/02/2023 16:35:00
87942,Paul,Nguyen,paulnguyen@example.org,29,M,Ohio,18822 Davis Rest,43055,Newark,United States,40.11731433,-82.37949893,Search,11/04/2019 17:27:00
93802,Robert,Mayer,robertmayer@example.org,60,M,Ohio,00741 Carpenter Orchard,43055,Newark,United States,40.11731433,-82.37949893,Search,03/02/2019 15:07:00
99371,James,Black,jamesblack@example.com,33,M,Ohio,3134 Todd Parkway,43055,Newark,United States,40.11731433,-82.37949893,Search,02/11/2020 11:40:00
15938,Tamara,Moss,tamaramoss@example.net,65,F,Ohio,41332 Long Common Suite 681,43062,Pataskala,United States,40.00700556,-82.68110137,Organic,25/02/2021 08:42:00
44681,Elizabeth,Cook,elizabethcook@example.org,22,F,Ohio,574 Christopher Branch,43062,Pataskala,United States,40.00700556,-82.68110137,Search,27/10/2022 02:24:00
48323,Deborah,Davis,deborahdavis@example.com,57,F,Ohio,44837 Calderon Circles,43062,Pataskala,United States,40.00700556,-82.68110137,Search,10/07/2021 04:27:00
66949,Lisa,Allen,lisaallen@example.org,56,F,Ohio,19731 Robert Inlet,43062,Pataskala,United States,40.00700556,-82.68110137,Search,10/09/2021 09:14:00
79657,Daniel,Henderson,danielhenderson@example.net,31,M,Ohio,177 Daniel Passage Suite 093,43062,Pataskala,United States,40.00700556,-82.68110137,Search,26/02/2019 08:20:00
39365,Kimberly,Holmes,kimberlyholmes@example.net,15,F,Ohio,6828 John Estate Suite 531,43065,Powell,United States,40.17707591,-83.09513186,Search,16/11/2022 11:42:00
45613,Andrea,Kelly,andreakelly@example.org,57,F,Ohio,911 Keith Mall Apt. 429,43065,Powell,United States,40.17707591,-83.09513186,Search,14/05/2022 07:28:00
50973,Stephen,Barker,stephenbarker@example.com,58,M,Ohio,6124 Case Coves Suite 351,43068,Reynoldsburg,United States,39.95608283,-82.78424875,Search,27/03/2020 00:27:00
62272,Henry,Parrish,henryparrish@example.com,33,M,Ohio,537 Ryan Crossing,43068,Reynoldsburg,United States,39.95608283,-82.78424875,Organic,19/11/2023 01:03:10
74612,Amber,Hernandez,amberhernandez@example.net,49,F,Ohio,2106 James Falls Apt. 868,43068,Reynoldsburg,United States,39.95608283,-82.78424875,Facebook,21/12/2022 18:33:00
81202,Paige,Adams,paigeadams@example.com,42,F,Ohio,861 Mcclure Fords Suite 654,43068,Reynoldsburg,United States,39.95608283,-82.78424875,Organic,08/04/2023 02:09:00
88026,Mary,Watson,marywatson@example.net,62,F,Ohio,0744 Alexander Mall Suite 711,43068,Reynoldsburg,United States,39.95608283,-82.78424875,Search,24/02/2021 03:14:00
26532,Robert,Gordon,robertgordon@example.com,43,M,Ohio,5958 Angela Plaza,43081,Westerville,United States,40.11059562,-82.89136932,Search,10/07/2020 11:37:00
74094,Stefanie,Woods,stefaniewoods@example.org,27,F,Ohio,4332 Gibson Extensions,43081,Westerville,United States,40.11059562,-82.89136932,Organic,17/08/2022 06:33:00
94995,Antonio,Herrera,antonioherrera@example.org,43,M,Ohio,51222 Anna View,43081,Westerville,United States,40.11059562,-82.89136932,Search,10/09/2023 05:46:00
13755,Paul,Zimmerman,paulzimmerman@example.org,32,M,Ohio,1285 Shields Passage Apt. 591,43082,Westerville,United States,40.15528089,-82.88077166,Search,02/09/2020 09:00:00
35041,Heidi,Brown,heidibrown@example.net,34,F,Ohio,92576 Larson Inlet,43082,Westerville,United States,40.15528089,-82.88077166,Organic,09/09/2020 12:01:00
81440,Bailey,Marsh,baileymarsh@example.net,21,F,Ohio,51581 Chung Dale,43082,Westerville,United States,40.15528089,-82.88077166,Organic,07/01/2022 12:39:00
65136,Charlene,Herrera,charleneherrera@example.org,51,F,Ohio,3101 Smith Road,43085,Worthington,United States,40.09985216,-83.01576798,Search,02/03/2021 06:10:00
68151,Stephanie,Ford,stephanieford@example.org,63,F,Ohio,9730 William Crossing Apt. 140,43085,Worthington,United States,40.09985216,-83.01576798,Search,13/05/2021 04:42:00
79852,Amy,Garcia,amygarcia@example.org,53,F,Ohio,171 Henderson Ranch Suite 556,43085,Worthington,United States,40.09985216,-83.01576798,Organic,28/08/2022 10:10:00
18912,Jennifer,Armstrong,jenniferarmstrong@example.org,43,F,Ohio,502 Kerri Light,43110,Columbus,United States,39.82846021,-82.80131533,Facebook,05/02/2020 03:15:00
58619,Ian,Blankenship,ianblankenship@example.net,47,M,Ohio,321 Bradley Tunnel,43110,Columbus,United States,39.82846021,-82.80131533,Search,29/08/2019 04:28:00
60072,Christine,Buchanan,christinebuchanan@example.net,37,F,Ohio,7859 Hester Burgs Apt. 358,43110,Columbus,United States,39.82846021,-82.80131533,Search,01/10/2022 18:03:00
96546,Lori,Nelson,lorinelson@example.net,40,F,Ohio,29984 Veronica Hills,43110,Columbus,United States,39.82846021,-82.80131533,Search,13/01/2019 06:07:00
51396,Holly,Walton,hollywalton@example.net,40,F,Ohio,978 Vanessa Springs,43119,Columbus,United States,39.93586372,-83.20232292,Facebook,13/09/2019 10:09:00
51421,David,Hamilton,davidhamilton@example.net,64,M,Ohio,3652 Alexandra Road,43119,Columbus,United States,39.93586372,-83.20232292,Search,27/09/2019 10:51:00
66789,Margaret,Johnson,margaretjohnson@example.org,31,F,Ohio,1319 Vanessa Ferry,43119,Columbus,United States,39.93586372,-83.20232292,Facebook,08/04/2021 10:04:00
294,Shannon,Williams,shannonwilliams@example.org,19,F,Ohio,11310 Wright Well,43123,Grove City,United States,39.8663906,-83.12151525,Search,08/08/2019 05:05:00
2197,Thomas,Price,thomasprice@example.com,42,M,Ohio,048 Johnson Dale Suite 364,43123,Grove City,United States,39.8663906,-83.12151525,Email,30/08/2023 02:55:00
2519,Nathaniel,Guzman,nathanielguzman@example.com,24,M,Ohio,749 Davis Overpass Apt. 779,43123,Grove City,United States,39.8663906,-83.12151525,Search,06/04/2022 15:43:00
3325,Colleen,Alexander,colleenalexander@example.net,23,F,Ohio,72208 Henderson Mountains,43123,Grove City,United States,39.8663906,-83.12151525,Search,17/11/2019 00:18:00
4365,Katrina,Greene,katrinagreene@example.com,70,F,Ohio,74960 Duncan Knoll,43123,Grove City,United States,39.8663906,-83.12151525,Search,21/01/2022 10:14:00
38578,Paula,Smith,paulasmith@example.net,60,F,Ohio,939 Pamela Squares Apt. 686,43123,Grove City,United States,39.8663906,-83.12151525,Search,06/08/2023 04:43:00
48378,Courtney,Williams,courtneywilliams@example.net,22,F,Ohio,28287 Michael Falls Suite 887,43123,Grove City,United States,39.8663906,-83.12151525,Organic,21/02/2019 13:14:00
31620,Kevin,Mcdaniel,kevinmcdaniel@example.net,67,M,Ohio,34434 Michael Spring,43130,Lancaster,United States,39.69583711,-82.61470441,Facebook,28/08/2023 03:50:00
42617,Alicia,Jenkins,aliciajenkins@example.com,46,F,Ohio,412 Pratt Walks Apt. 324,43130,Lancaster,United States,39.69583711,-82.61470441,Organic,13/01/2021 17:07:00
60352,Heather,Lambert,heatherlambert@example.net,27,F,Ohio,63133 Ray Vista,43130,Lancaster,United States,39.69583711,-82.61470441,Search,20/01/2023 11:24:00
78800,Cynthia,Stevenson,cynthiastevenson@example.org,27,F,Ohio,759 Bennett Valleys Suite 199,43130,Lancaster,United States,39.69583711,-82.61470441,Search,17/11/2020 10:58:00
81454,Kyle,Fernandez,kylefernandez@example.net,50,M,Ohio,51695 Monica Summit,43130,Lancaster,United States,39.69583711,-82.61470441,Search,11/01/2020 03:37:00
95986,Kristi,Lopez,kristilopez@example.org,36,F,Ohio,648 Jerome Coves,43130,Lancaster,United States,39.69583711,-82.61470441,Organic,04/02/2021 04:57:00
11436,Matthew,Soto,matthewsoto@example.org,18,M,Ohio,7267 Alexa Walks Suite 564,43140,London,United States,39.87955869,-83.43217068,Search,26/08/2021 10:30:00
65682,Jeffrey,Wiley,jeffreywiley@example.com,58,M,Ohio,24412 Kenneth Bridge Suite 800,43140,London,United States,39.87955869,-83.43217068,Search,03/02/2020 18:05:00
75287,Julia,Martin,juliamartin@example.org,18,F,Ohio,48727 Joseph Mount,43140,London,United States,39.87955869,-83.43217068,Facebook,20/07/2021 15:59:00
81097,Ashlee,Avila,ashleeavila@example.net,61,F,Ohio,593 Wilson Plaza,43140,London,United States,39.87955869,-83.43217068,Search,14/05/2019 03:13:00
1738,David,Wagner,davidwagner@example.com,12,M,Ohio,24456 Aaron Terrace Apt. 230,43147,Pickerington,United States,39.89846469,-82.74261357,Search,30/12/2020 17:06:00
16059,Grace,Palmer,gracepalmer@example.org,28,F,Ohio,440 Barber Prairie Apt. 548,43147,Pickerington,United States,39.89846469,-82.74261357,Search,29/09/2020 07:39:00
65580,Emily,Gray,emilygray@example.org,20,F,Ohio,88211 Wilson Mews Suite 920,43147,Pickerington,United States,39.89846469,-82.74261357,Search,18/11/2022 08:31:00
98484,Marcia,Lee,marcialee@example.com,41,F,Ohio,592 Holly Gardens,43147,Pickerington,United States,39.89846469,-82.74261357,Search,17/11/2023 18:03:21
10784,Megan,Hines,meganhines@example.net,59,F,Ohio,9592 Brittany Plaza,43201,Columbus,United States,39.99110053,-83.00049092,Search,09/10/2022 02:05:00
58513,Deborah,Hayes,deborahhayes@example.org,25,F,Ohio,016 Jason Canyon Suite 793,43201,Columbus,United States,39.99110053,-83.00049092,Organic,02/01/2022 16:26:00
67536,Joseph,Moran,josephmoran@example.net,42,M,Ohio,14684 Belinda Village,43201,Columbus,United States,39.99110053,-83.00049092,Search,01/03/2023 16:14:00
91,Timothy,Lopez,timothylopez@example.org,30,M,Ohio,716 Lori Shore,43204,Columbus,United States,39.96194173,-83.08173767,Search,13/03/2021 11:07:00
43725,Janet,Matthews,janetmatthews@example.net,28,F,Ohio,8494 Clark Rest,43204,Columbus,United States,39.96194173,-83.08173767,Organic,20/09/2021 05:45:00
62544,Christy,Garcia,christygarcia@example.net,20,F,Ohio,73297 Jensen Springs Suite 430,43204,Columbus,United States,39.96194173,-83.08173767,Search,29/03/2022 12:21:00
92811,Joseph,Andersen,josephandersen@example.org,23,M,Ohio,88215 Reed Mountain,43204,Columbus,United States,39.96194173,-83.08173767,Search,01/07/2019 15:55:00
27412,Natalie,Hoffman,nataliehoffman@example.com,24,F,Ohio,207 Meyer Crossroad,43207,Columbus,United States,39.89198431,-82.9695884,Search,23/07/2019 14:22:00
56765,Ryan,Gillespie,ryangillespie@example.com,65,M,Ohio,7399 Jessica Key Apt. 932,43207,Columbus,United States,39.89198431,-82.9695884,Search,25/11/2019 14:51:00
57396,Manuel,Henderson,manuelhenderson@example.net,32,M,Ohio,327 Chambers Crescent Apt. 633,43207,Columbus,United States,39.89198431,-82.9695884,Search,16/01/2022 04:44:00
59734,Kathleen,Shepherd,kathleenshepherd@example.com,68,F,Ohio,649 Kline Stravenue,43207,Columbus,United States,39.89198431,-82.9695884,Search,19/11/2023 09:31:01
87581,Joseph,Scott,josephscott@example.org,20,M,Ohio,3494 Megan Divide,43207,Columbus,United States,39.89198431,-82.9695884,Search,17/11/2023 03:25:28
8696,Harold,Torres,haroldtorres@example.org,35,M,Ohio,736 Connor Knolls Suite 568,43209,Columbus,United States,39.95519138,-82.93025244,Search,13/03/2020 11:44:00
48012,Tracy,Adkins,tracyadkins@example.org,46,F,Ohio,237 Aguilar Summit Apt. 761,43209,Columbus,United States,39.95519138,-82.93025244,Search,04/09/2020 09:55:00
68832,Natalie,Brown,nataliebrown@example.com,46,F,Ohio,447 Barker Club,43209,Columbus,United States,39.95519138,-82.93025244,Organic,24/04/2021 10:17:00
97359,Larry,Taylor,larrytaylor@example.com,41,M,Ohio,54282 Brian Alley Apt. 785,43209,Columbus,United States,39.95519138,-82.93025244,Search,24/07/2023 14:20:00
33760,Kevin,Daniel,kevindaniel@example.com,42,M,Ohio,7724 Aaron Center Apt. 587,43211,Columbus,United States,40.01172565,-82.97249963,Search,12/01/2023 06:57:00
61010,Juan,Burton,juanburton@example.com,43,M,Ohio,678 Booker Inlet Apt. 911,43211,Columbus,United States,40.01172565,-82.97249963,Organic,09/05/2023 13:53:00
72648,Ruth,Rubio,ruthrubio@example.net,65,F,Ohio,2190 Owens Fall,43211,Columbus,United States,40.01172565,-82.97249963,Search,23/06/2019 12:48:00
1773,Eric,Gentry,ericgentry@example.com,22,M,Ohio,71159 Susan Gateway Apt. 366,43213,Columbus,United States,39.97071463,-82.86683396,Search,11/04/2021 17:41:00
4773,Diana,Gomez,dianagomez@example.org,48,F,Ohio,678 Monica Garden Suite 145,43213,Columbus,United States,39.97071463,-82.86683396,Search,25/05/2020 17:47:00
65173,Christopher,Mendez,christophermendez@example.org,50,M,Ohio,15080 Johnston Passage Suite 219,43213,Columbus,United States,39.97071463,-82.86683396,Search,04/05/2022 11:16:00
69752,Jonathan,Johnson,jonathanjohnson@example.net,34,M,Ohio,2104 Lowe Estate,43213,Columbus,United States,39.97071463,-82.86683396,Facebook,02/08/2022 17:36:00
75384,James,Graham,jamesgraham@example.com,63,M,Ohio,0933 Denise Trafficway,43213,Columbus,United States,39.97071463,-82.86683396,Email,28/11/2019 17:28:00
86873,Karina,Gallegos,karinagallegos@example.org,70,F,Ohio,792 Katie Street,43213,Columbus,United States,39.97071463,-82.86683396,Organic,01/12/2021 16:54:00
97624,Laura,Wilson,laurawilson@example.org,55,F,Ohio,12769 Michael Locks,43213,Columbus,United States,39.97071463,-82.86683396,Search,04/05/2021 09:23:00
4900,Alexis,Carter,alexiscarter@example.com,15,F,Ohio,025 Allison Summit,43214,Columbus,United States,40.05256277,-83.01978001,Search,17/04/2020 05:40:00
19654,Steven,Lucas,stevenlucas@example.com,22,M,Ohio,2498 Lewis Mall Suite 921,43214,Columbus,United States,40.05256277,-83.01978001,Search,01/12/2020 13:42:00
52434,Laura,Nash,lauranash@example.org,66,F,Ohio,985 William Views,43214,Columbus,United States,40.05256277,-83.01978001,Search,07/12/2021 06:43:00
85744,Richard,Ray,richardray@example.net,37,M,Ohio,301 Thomas Key Apt. 909,43214,Columbus,United States,40.05256277,-83.01978001,Search,18/12/2022 00:16:00
9041,William,Mcclain,williammcclain@example.net,22,M,Ohio,671 Chavez Key Suite 263,43219,Columbus,United States,40.00732911,-82.92337565,Search,15/02/2019 14:30:00
29039,Stephanie,Wang,stephaniewang@example.com,34,F,Ohio,299 Traci Via,43219,Columbus,United States,40.00732911,-82.92337565,Search,12/08/2019 12:01:00
34059,Anthony,Ferguson,anthonyferguson@example.com,44,M,Ohio,44706 Christian Fork,43219,Columbus,United States,40.00732911,-82.92337565,Search,20/07/2019 14:08:00
41034,Eric,Davis,ericdavis@example.net,33,M,Ohio,704 Nicholas Fork Apt. 867,43219,Columbus,United States,40.00732911,-82.92337565,Search,05/04/2021 18:50:00
48782,James,Kramer,jameskramer@example.com,52,M,Ohio,4579 Hamilton Lodge,43219,Columbus,United States,40.00732911,-82.92337565,Search,13/10/2023 00:31:00
81456,Kimberly,Anderson,kimberlyanderson@example.org,59,F,Ohio,59957 Jason Knoll,43219,Columbus,United States,40.00732911,-82.92337565,Search,16/06/2022 08:44:00
6727,Anita,Leach,anitaleach@example.net,16,F,Ohio,251 Torres Brooks,43221,Upper Arlington,United States,40.02241813,-83.07677841,Search,20/11/2023 06:36:41
41474,Lynn,Ewing,lynnewing@example.com,39,F,Ohio,6380 Steven Summit Apt. 976,43221,Upper Arlington,United States,40.02241813,-83.07677841,Email,22/07/2021 00:49:00
84722,Trevor,Mejia,trevormejia@example.net,13,M,Ohio,147 Christine Mills Apt. 674,43221,Upper Arlington,United States,40.02241813,-83.07677841,Search,15/11/2023 19:11:12
99655,Joshua,Carroll,joshuacarroll@example.net,41,M,Ohio,11916 Kevin Coves Apt. 693,43221,Upper Arlington,United States,40.02241813,-83.07677841,Search,14/06/2023 18:40:00
23017,Ralph,Hendricks,ralphhendricks@example.org,52,M,Ohio,8058 Terrell Junctions,43223,Columbus,United States,39.93110345,-83.03732877,Organic,25/04/2019 18:10:00
41802,Edward,Nguyen,edwardnguyen@example.org,45,M,Ohio,7816 Fitzgerald Course,43224,Columbus,United States,40.04287308,-82.96582395,Search,07/11/2021 02:02:00
44712,Margaret,Green,margaretgreen@example.org,42,F,Ohio,02235 Holmes Course,43224,Columbus,United States,40.04287308,-82.96582395,Search,22/08/2020 13:40:00
71287,Veronica,Chapman,veronicachapman@example.org,46,F,Ohio,0415 Allison Haven Apt. 404,43224,Columbus,United States,40.04287308,-82.96582395,Search,13/08/2023 04:50:00
12969,Luis,Nguyen,luisnguyen@example.org,49,M,Ohio,9748 Alexander Plaza,43228,Columbus,United States,39.95885109,-83.12695264,Search,17/05/2023 06:18:00
25567,Zachary,Ward,zacharyward@example.com,66,M,Ohio,2690 Andrew Club,43228,Columbus,United States,39.95885109,-83.12695264,Search,10/07/2021 05:03:00
29692,Karina,Peterson,karinapeterson@example.net,25,F,Ohio,109 Donna Islands,43228,Columbus,United States,39.95885109,-83.12695264,Search,07/09/2019 13:42:00
30109,Michael,Barnett,michaelbarnett@example.org,38,M,Ohio,4444 Rivera Corner Apt. 081,43228,Columbus,United States,39.95885109,-83.12695264,Search,24/08/2019 15:46:00
30309,Samuel,Rodriguez,samuelrodriguez@example.net,20,M,Ohio,13483 Daniels Crossing,43228,Columbus,United States,39.95885109,-83.12695264,Search,16/08/2020 03:30:00
36940,Andrew,Ortiz,andrewortiz@example.org,63,M,Ohio,463 Mccarthy Expressway,43228,Columbus,United States,39.95885109,-83.12695264,Search,02/06/2021 15:49:00
38661,Autumn,Flores,autumnflores@example.org,62,F,Ohio,6522 Helen Tunnel Apt. 907,43228,Columbus,United States,39.95885109,-83.12695264,Email,08/11/2020 02:37:00
50635,Cynthia,Montes,cynthiamontes@example.net,23,F,Ohio,7549 Rowe Alley Apt. 556,43228,Columbus,United States,39.95885109,-83.12695264,Search,26/06/2023 14:10:00
76474,Patricia,Ortiz,patriciaortiz@example.net,61,F,Ohio,25779 Robert Valley,43228,Columbus,United States,39.95885109,-83.12695264,Organic,29/10/2023 11:28:00
99326,Richard,Crawford,richardcrawford@example.net,57,M,Ohio,457 Reeves Place Apt. 136,43228,Columbus,United States,39.95885109,-83.12695264,Facebook,07/03/2023 10:08:00
8556,Michael,Horton,michaelhorton@example.org,38,M,Ohio,3956 Thompson Drive Apt. 820,43229,Columbus,United States,40.0859433,-82.97603395,Organic,07/10/2023 16:56:00
29351,Wendy,Perez,wendyperez@example.org,41,F,Ohio,18680 Gonzalez Squares,43229,Columbus,United States,40.0859433,-82.97603395,Organic,02/11/2020 03:18:00
41380,Heather,Rodgers,heatherrodgers@example.com,25,F,Ohio,2797 Church Port Apt. 757,43229,Columbus,United States,40.0859433,-82.97603395,Search,05/05/2022 06:07:00
57042,Keith,Wells,keithwells@example.com,20,M,Ohio,18490 Christopher Underpass,43229,Columbus,United States,40.0859433,-82.97603395,Search,03/10/2023 03:11:00
72891,James,Patel,jamespatel@example.org,17,M,Ohio,18620 Campbell Glen,43229,Columbus,United States,40.0859433,-82.97603395,Search,02/07/2023 15:17:00
87098,Tracy,Frazier,tracyfrazier@example.com,50,F,Ohio,3626 Ronald Forges Suite 646,43229,Columbus,United States,40.0859433,-82.97603395,Search,01/12/2020 02:19:00
22682,Victor,Brown,victorbrown@example.org,15,M,Ohio,822 Christopher Village Suite 062,43230,Gahanna,United States,40.03637726,-82.8706045,Organic,31/07/2021 10:51:00
35982,April,Salazar,aprilsalazar@example.net,42,F,Ohio,302 Jerry Parkway Suite 600,43230,Gahanna,United States,40.03637726,-82.8706045,Search,26/05/2022 02:26:00
86244,Andrew,White,andrewwhite@example.org,12,M,Ohio,8919 Michael Harbors,43230,Gahanna,United States,40.03637726,-82.8706045,Search,15/01/2023 04:42:00
30120,Karen,Ellis,karenellis@example.net,14,F,Ohio,8313 Adam Forges Suite 104,43232,Columbus,United States,39.92156462,-82.87029457,Search,18/12/2020 18:55:00
65220,Gabriela,Hughes,gabrielahughes@example.net,52,F,Ohio,02244 Patrick Rapid Apt. 752,43232,Columbus,United States,39.92156462,-82.87029457,Search,24/03/2021 11:36:00
66739,Tyler,Gregory,tylergregory@example.net,33,M,Ohio,913 Jeanette Trace Suite 647,43232,Columbus,United States,39.92156462,-82.87029457,Organic,01/07/2023 00:14:00
80171,Kimberly,Newton,kimberlynewton@example.net,28,F,Ohio,82524 Riley Plaza,43232,Columbus,United States,39.92156462,-82.87029457,Facebook,15/02/2022 04:44:00
99347,Jennifer,Watkins,jenniferwatkins@example.net,31,F,Ohio,4425 Heather Centers Apt. 521,43232,Columbus,United States,39.92156462,-82.87029457,Search,16/05/2019 09:01:00
21655,Mark,Johnson,markjohnson@example.net,51,M,Ohio,44853 Jacqueline Valleys Suite 482,43235,Columbus,United States,40.10472091,-83.0512547,Email,12/06/2022 09:36:00
33345,Scott,Robinson,scottrobinson@example.net,53,M,Ohio,7559 Koch Glens Suite 099,43235,Columbus,United States,40.10472091,-83.0512547,Search,27/03/2023 11:06:00
59054,Samuel,Hudson,samuelhudson@example.org,44,M,Ohio,0815 David Corners,43235,Columbus,United States,40.10472091,-83.0512547,Organic,24/01/2019 02:51:00
79361,Diana,Duncan,dianaduncan@example.net,42,F,Ohio,6731 Antonio Courts,43235,Columbus,United States,40.10472091,-83.0512547,Search,09/05/2021 01:47:00
80498,Allison,Grant,allisongrant@example.org,32,F,Ohio,1229 Graham Station Suite 429,43235,Columbus,United States,40.10472091,-83.0512547,Search,28/04/2023 00:08:00
84479,James,Martinez,jamesmartinez@example.org,68,M,Ohio,0914 Jesus Drive Suite 331,43235,Columbus,United States,40.10472091,-83.0512547,Search,11/11/2019 10:17:00
4163,Vicki,Harris,vickiharris@example.net,54,F,Ohio,069 Patricia Underpass Apt. 949,43302,Marion,United States,40.59591851,-83.13431746,Display,12/08/2023 15:12:00
10465,Elizabeth,Jordan,elizabethjordan@example.com,44,F,Ohio,46176 Carter Flat,43302,Marion,United States,40.59591851,-83.13431746,Display,29/10/2023 05:29:00
16935,Sarah,Curry,sarahcurry@example.com,19,F,Ohio,677 Colton Extension,43302,Marion,United States,40.59591851,-83.13431746,Search,15/07/2023 18:20:00
34914,Joseph,Ramos,josephramos@example.com,31,M,Ohio,367 Michelle Mountain,43302,Marion,United States,40.59591851,-83.13431746,Organic,28/06/2021 17:47:00
41663,Michael,Carter,michaelcarter@example.org,47,M,Ohio,9996 Li Squares Suite 452,43302,Marion,United States,40.59591851,-83.13431746,Search,06/01/2021 14:00:00
54081,Darrell,Moore,darrellmoore@example.com,34,M,Ohio,56223 Davis Square,43302,Marion,United States,40.59591851,-83.13431746,Organic,08/07/2020 00:36:00
77463,Samuel,James,samueljames@example.org,31,M,Ohio,7518 Jordan Estate Suite 919,43302,Marion,United States,40.59591851,-83.13431746,Email,16/11/2023 19:12:57
77976,Elizabeth,Smith,elizabethsmith@example.org,59,F,Ohio,0527 Samuel Oval,43302,Marion,United States,40.59591851,-83.13431746,Search,14/08/2022 10:16:00
83339,Christine,Moreno,christinemoreno@example.com,69,F,Ohio,115 Kimberly Corner,43302,Marion,United States,40.59591851,-83.13431746,Facebook,10/10/2022 04:06:00
96933,Maria,Nichols,marianichols@example.org,48,F,Ohio,29288 Jerry Roads Suite 830,43302,Marion,United States,40.59591851,-83.13431746,Organic,25/07/2022 04:45:00
97572,Janet,Clark,janetclark@example.org,69,F,Ohio,87229 Michael Landing Apt. 613,43302,Marion,United States,40.59591851,-83.13431746,Search,21/05/2023 17:17:00
8231,Ricardo,Carroll,ricardocarroll@example.org,28,M,Ohio,4605 Alvarez Drive Apt. 353,43402,Bowling Green,United States,41.40622264,-83.65358687,Search,17/06/2021 15:49:00
70317,Thomas,Murphy,thomasmurphy@example.org,69,M,Ohio,6257 Gonzalez Hills,43402,Bowling Green,United States,41.40622264,-83.65358687,Organic,20/11/2023 00:51:45
77301,Christopher,Lopez,christopherlopez@example.net,68,M,Ohio,4479 Kenneth Divide,43402,Bowling Green,United States,41.40622264,-83.65358687,Search,13/11/2020 16:57:00
87962,Shelia,Jones,sheliajones@example.com,12,F,Ohio,145 Gibson Shoals Apt. 292,43402,Bowling Green,United States,41.40622264,-83.65358687,Organic,19/02/2022 16:14:00
71174,Dakota,Wilson,dakotawilson@example.com,52,M,Ohio,7638 Troy Manor Suite 072,43420,Fremont,United States,41.35788766,-83.11315816,Organic,16/02/2020 06:19:00
26358,Scott,Robertson,scottrobertson@example.net,26,M,Ohio,98026 Kevin Pines Apt. 727,43537,Maumee,United States,41.57438349,-83.68529845,Organic,06/12/2022 17:48:00
31284,Joe,Wallace,joewallace@example.com,47,M,Ohio,67548 Bruce Locks Apt. 749,43537,Maumee,United States,41.57438349,-83.68529845,Search,05/03/2019 08:12:00
78179,Meagan,White,meaganwhite@example.org,27,F,Ohio,40877 Cooper Circle Apt. 378,43537,Maumee,United States,41.57438349,-83.68529845,Search,13/06/2021 13:45:00
688,Jason,Cooper,jasoncooper@example.org,25,M,Ohio,2938 Brown Drives,43551,Perrysburg,United States,41.52016907,-83.57949866,Search,23/06/2020 00:37:00
68370,Timothy,Evans,timothyevans@example.net,23,M,Ohio,698 Tran Squares Suite 526,43551,Perrysburg,United States,41.52016907,-83.57949866,Search,08/11/2020 18:00:00
82868,Julie,Simpson,juliesimpson@example.org,55,F,Ohio,86737 Melissa Cliffs,43551,Perrysburg,United States,41.52016907,-83.57949866,Search,27/08/2021 12:21:00
2385,Scott,Smith,scottsmith@example.com,58,M,Ohio,405 Thomas Plaza,43560,Sylvania,United States,41.70214483,-83.73656826,Search,18/02/2020 10:31:00
19389,Wesley,Hinton,wesleyhinton@example.org,36,M,Ohio,5037 Gregory Vista Apt. 272,43560,Sylvania,United States,41.70214483,-83.73656826,Organic,04/11/2022 04:00:00
25364,David,Harding,davidharding@example.net,18,M,Ohio,38910 Kevin Junction,43560,Sylvania,United States,41.70214483,-83.73656826,Search,18/05/2022 11:28:00
40518,Amanda,Scott,amandascott@example.net,60,F,Ohio,9174 Brandon Views,43560,Sylvania,United States,41.70214483,-83.73656826,Search,14/09/2019 15:53:00
60968,Brian,Reynolds,brianreynolds@example.net,31,M,Ohio,0142 Wright Burgs,43560,Sylvania,United States,41.70214483,-83.73656826,Search,09/12/2020 04:53:00
91041,Lisa,House,lisahouse@example.net,37,F,Ohio,7214 Karen Branch Apt. 452,43560,Sylvania,United States,41.70214483,-83.73656826,Search,30/04/2021 02:21:00
6711,Scott,Garza,scottgarza@example.net,31,M,Ohio,231 Edwards Fort,43605,Toledo,United States,41.6487012,-83.50581236,Organic,13/02/2019 10:48:00
44383,Shelby,Sanchez,shelbysanchez@example.net,49,F,Ohio,2717 Cole Hill,43605,Toledo,United States,41.6487012,-83.50581236,Organic,18/05/2023 14:41:00
51046,Darren,Price,darrenprice@example.net,37,M,Ohio,90004 Roberts Rue,43605,Toledo,United States,41.6487012,-83.50581236,Organic,03/05/2019 02:02:00
56979,Laurie,Hernandez,lauriehernandez@example.net,46,F,Ohio,17966 Amanda Tunnel,43605,Toledo,United States,41.6487012,-83.50581236,Organic,20/08/2020 10:18:00
83293,Jessica,Little,jessicalittle@example.com,22,F,Ohio,165 Marcia Ford,43605,Toledo,United States,41.6487012,-83.50581236,Search,14/07/2021 14:27:00
38230,Kenneth,Patterson,kennethpatterson@example.org,20,M,Ohio,499 Graham Course,43606,Toledo,United States,41.67197026,-83.60910703,Search,24/01/2022 03:00:00
39644,Sharon,Smith,sharonsmith@example.com,21,F,Ohio,1178 Karen Spurs,43606,Toledo,United States,41.67197026,-83.60910703,Search,27/08/2021 07:47:00
41039,Rachel,Gilbert,rachelgilbert@example.org,34,F,Ohio,3893 Alyssa Springs Suite 532,43606,Toledo,United States,41.67197026,-83.60910703,Organic,15/09/2023 16:11:00
50670,Natasha,Garcia,natashagarcia@example.net,48,F,Ohio,45959 Bradley Village Suite 332,43606,Toledo,United States,41.67197026,-83.60910703,Organic,05/08/2022 09:35:00
54124,Kimberly,Hunter,kimberlyhunter@example.com,53,F,Ohio,747 Young Overpass Suite 462,43606,Toledo,United States,41.67197026,-83.60910703,Search,27/07/2022 14:48:00
94754,Matthew,Hester,matthewhester@example.org,60,M,Ohio,05274 Erik Flats,43606,Toledo,United States,41.67197026,-83.60910703,Email,08/04/2021 17:49:00
59126,Angela,Mann,angelamann@example.org,40,F,Ohio,10570 Parker Key,43612,Toledo,United States,41.71012083,-83.54697791,Organic,02/08/2019 14:36:00
67440,Elizabeth,Mitchell,elizabethmitchell@example.com,48,F,Ohio,759 Mccullough Wells Apt. 115,43612,Toledo,United States,41.71012083,-83.54697791,Search,30/11/2020 00:19:00
72988,Nicholas,Hart,nicholashart@example.net,65,M,Ohio,9382 Scott Run,43612,Toledo,United States,41.71012083,-83.54697791,Search,24/08/2019 14:52:00
78976,Mary,Hernandez,maryhernandez@example.org,19,F,Ohio,08957 Barron Knolls Suite 011,43612,Toledo,United States,41.71012083,-83.54697791,Search,08/05/2022 05:22:00
90090,Gabriela,Dixon,gabrieladixon@example.com,52,F,Ohio,02830 Chen Viaduct Apt. 829,43612,Toledo,United States,41.71012083,-83.54697791,Search,20/02/2023 03:13:00
1462,Susan,Knox,susanknox@example.org,45,F,Ohio,6633 Burch Divide,43613,Toledo,United States,41.70695657,-83.60209079,Search,19/11/2023 02:12:16
49743,Jonathan,Garcia,jonathangarcia@example.net,46,M,Ohio,3374 Richard Lodge Apt. 975,43613,Toledo,United States,41.70695657,-83.60209079,Organic,13/08/2022 11:04:00
96280,Maria,Gordon,mariagordon@example.org,16,F,Ohio,61578 Daniel Lock Apt. 134,43613,Toledo,United States,41.70695657,-83.60209079,Search,30/03/2022 15:36:00
96283,Rebecca,Carroll,rebeccacarroll@example.org,43,F,Ohio,68136 Benjamin Stravenue,43613,Toledo,United States,41.70695657,-83.60209079,Search,29/08/2019 11:56:00
98451,Corey,Brown,coreybrown@example.net,52,M,Ohio,1182 Todd Hill Suite 110,43613,Toledo,United States,41.70695657,-83.60209079,Display,25/04/2021 18:17:00
15704,Katherine,Wong,katherinewong@example.org,15,F,Ohio,2107 Eric Villages Suite 994,43614,Toledo,United States,41.60340797,-83.6285963,Search,04/06/2022 17:05:00
31579,John,Ward,johnward@example.org,37,M,Ohio,557 Patricia Track Apt. 610,43614,Toledo,United States,41.60340797,-83.6285963,Search,04/05/2022 08:21:00
46320,Tammy,Fitzgerald,tammyfitzgerald@example.org,59,F,Ohio,103 Walton Ville,43614,Toledo,United States,41.60340797,-83.6285963,Display,15/07/2021 11:35:00
89970,Eric,Williams,ericwilliams@example.net,64,M,Ohio,4338 Delacruz Stravenue,43614,Toledo,United States,41.60340797,-83.6285963,Search,16/01/2023 13:07:00
91622,Darrell,Padilla,darrellpadilla@example.org,22,M,Ohio,29497 Whitney Stravenue Apt. 135,43614,Toledo,United States,41.60340797,-83.6285963,Organic,20/12/2020 11:52:00
96017,Hailey,Young,haileyyoung@example.org,36,F,Ohio,32519 Timothy Curve Suite 691,43614,Toledo,United States,41.60340797,-83.6285963,Search,25/07/2019 00:39:00
99854,Nancy,Torres,nancytorres@example.net,19,F,Ohio,594 Mccoy Ports,43614,Toledo,United States,41.60340797,-83.6285963,Search,01/11/2023 03:20:00
29835,Cory,Paul,corypaul@example.net,65,M,Ohio,81327 Michele Drives,43615,Toledo,United States,41.65093381,-83.67327447,Organic,06/08/2022 18:42:00
700,Jeremy,Nelson,jeremynelson@example.com,14,M,Ohio,3736 Justin Port,43701,Zanesville,United States,39.95857827,-81.9956078,Search,12/11/2023 14:33:00
28940,Michael,Garcia,michaelgarcia@example.org,38,M,Ohio,31075 Powell View Suite 555,43701,Zanesville,United States,39.95857827,-81.9956078,Search,22/02/2023 05:58:00
45454,Jared,Avila,jaredavila@example.net,37,M,Ohio,4561 Cooper Forges,43701,Zanesville,United States,39.95857827,-81.9956078,Search,30/06/2021 18:42:00
45592,Wayne,Ford,wayneford@example.org,50,M,Ohio,3696 Robertson Islands Apt. 848,43701,Zanesville,United States,39.95857827,-81.9956078,Search,02/05/2021 05:49:00
72826,Steven,Meza,stevenmeza@example.com,24,M,Ohio,5122 Miller Bypass,43701,Zanesville,United States,39.95857827,-81.9956078,Search,11/04/2023 03:03:00
73848,Miranda,Alvarez,mirandaalvarez@example.com,42,F,Ohio,60986 Tiffany Expressway,43701,Zanesville,United States,39.95857827,-81.9956078,Search,18/08/2020 04:01:00
78384,Carmen,Robbins,carmenrobbins@example.org,29,F,Ohio,808 Linda Ports,43701,Zanesville,United States,39.95857827,-81.9956078,Search,18/11/2019 16:23:00
88154,Kelly,Riley,kellyriley@example.net,59,F,Ohio,03518 Leah Forges,43701,Zanesville,United States,39.95857827,-81.9956078,Search,02/11/2019 05:20:00
99252,Donald,Hodge,donaldhodge@example.org,64,M,Ohio,8247 Graham Lights,43701,Zanesville,United States,39.95857827,-81.9956078,Search,18/04/2023 02:05:00
8401,Erika,Dawson,erikadawson@example.com,69,F,Ohio,3660 Garcia Grove,44004,Ashtabula,United States,41.85582391,-80.7911247,Search,07/11/2021 04:07:00
30476,Timothy,Stokes,timothystokes@example.net,34,M,Ohio,84752 Elizabeth Gardens Apt. 421,44004,Ashtabula,United States,41.85582391,-80.7911247,Search,17/11/2023 13:17:36
47739,Terri,Green,terrigreen@example.com,43,F,Ohio,35376 Alvarez Summit,44004,Ashtabula,United States,41.85582391,-80.7911247,Organic,24/04/2020 03:34:00
51470,Kelly,Gonzales,kellygonzales@example.net,54,F,Ohio,925 Thomas Mews,44004,Ashtabula,United States,41.85582391,-80.7911247,Organic,28/04/2023 13:50:00
52816,Elizabeth,Butler,elizabethbutler@example.com,47,F,Ohio,8591 Felicia Summit,44004,Ashtabula,United States,41.85582391,-80.7911247,Search,27/07/2023 17:51:00
63447,Crystal,Moore,crystalmoore@example.net,34,F,Ohio,02883 Jennifer Points Suite 578,44004,Ashtabula,United States,41.85582391,-80.7911247,Search,28/10/2019 17:43:00
66359,Diana,Owens,dianaowens@example.org,35,F,Ohio,21614 Mark Rapids Apt. 267,44004,Ashtabula,United States,41.85582391,-80.7911247,Search,23/06/2019 10:30:00
827,Jonathan,Scott,jonathanscott@example.net,54,M,Ohio,34257 Glenn Forks,44035,Elyria,United States,41.3628064,-82.13174118,Search,12/02/2021 04:20:00
7676,Heather,Kim,heatherkim@example.org,48,F,Ohio,2700 Barrett Corner Apt. 828,44035,Elyria,United States,41.3628064,-82.13174118,Search,21/11/2022 16:35:00
31150,Cynthia,Carter,cynthiacarter@example.org,17,F,Ohio,83449 Timothy Throughway Apt. 110,44035,Elyria,United States,41.3628064,-82.13174118,Organic,19/03/2021 14:10:00
40313,Lisa,Larson,lisalarson@example.net,18,F,Ohio,0964 Chandler Way Suite 969,44035,Elyria,United States,41.3628064,-82.13174118,Search,11/07/2020 11:26:00
43577,Pamela,Jenkins,pamelajenkins@example.net,36,F,Ohio,0130 Garza Coves Suite 108,44035,Elyria,United States,41.3628064,-82.13174118,Search,19/05/2023 06:22:00
54694,Jennifer,Oliver,jenniferoliver@example.com,32,F,Ohio,50081 Peters Lake Apt. 821,44035,Elyria,United States,41.3628064,-82.13174118,Search,09/04/2019 12:40:00
57633,Ronnie,Ramirez,ronnieramirez@example.net,13,M,Ohio,4631 Andres Crossroad,44035,Elyria,United States,41.3628064,-82.13174118,Search,25/10/2023 02:58:00
63077,Scott,Ramirez,scottramirez@example.org,35,M,Ohio,6757 Ortiz Cliffs Suite 728,44035,Elyria,United States,41.3628064,-82.13174118,Search,21/11/2021 08:10:00
73431,Sherry,Clark,sherryclark@example.net,60,F,Ohio,605 Herbert Village Apt. 435,44035,Elyria,United States,41.3628064,-82.13174118,Search,30/09/2021 17:16:00
94574,Jessica,Sanchez,jessicasanchez@example.net,42,F,Ohio,2514 King Drive Suite 274,44035,Elyria,United States,41.3628064,-82.13174118,Search,29/12/2022 11:05:00
95223,Mark,Romero,markromero@example.net,27,M,Ohio,025 Janet Grove Suite 231,44035,Elyria,United States,41.3628064,-82.13174118,Email,16/11/2020 16:49:00
98850,Meagan,Elliott,meaganelliott@example.com,31,F,Ohio,56580 Jackson Shore Suite 982,44039,North Ridgeville,United States,41.38446974,-82.01922231,Search,29/07/2019 03:51:00
68951,William,Howard,williamhoward@example.com,29,M,Ohio,60014 Christie Drive,44052,Lorain,United States,41.45698486,-82.16269484,Organic,14/08/2019 04:05:00
88855,Danielle,Hunter,daniellehunter@example.com,61,F,Ohio,0025 Dixon Flat,44052,Lorain,United States,41.45698486,-82.16269484,Facebook,18/12/2020 14:07:00
7044,Pamela,Ramos,pamelaramos@example.net,65,F,Ohio,091 Bryan Plains,44060,Mentor,United States,41.67863078,-81.32790887,Search,26/11/2021 12:35:00
8400,David,Hernandez,davidhernandez@example.org,48,M,Ohio,39437 Michelle Estates,44060,Mentor,United States,41.67863078,-81.32790887,Search,05/08/2020 05:28:00
14570,Cynthia,Ashley,cynthiaashley@example.org,23,F,Ohio,9975 Jon River Apt. 352,44060,Mentor,United States,41.67863078,-81.32790887,Search,28/07/2019 00:34:00
57270,Robert,Thomas,robertthomas@example.org,39,M,Ohio,6860 Bill Plains Suite 180,44060,Mentor,United States,41.67863078,-81.32790887,Search,18/08/2022 17:29:00
58590,Matthew,Williams,matthewwilliams@example.org,69,M,Ohio,522 Monica Square Suite 172,44060,Mentor,United States,41.67863078,-81.32790887,Search,17/09/2023 04:30:00
74115,Angela,Hartman,angelahartman@example.net,21,F,Ohio,3074 Schneider Rapid,44060,Mentor,United States,41.67863078,-81.32790887,Search,23/07/2019 08:33:00
81702,Jeffrey,Suarez,jeffreysuarez@example.net,12,M,Ohio,6771 Dawn Pine,44060,Mentor,United States,41.67863078,-81.32790887,Organic,29/12/2019 11:39:00
91673,Donna,Myers,donnamyers@example.org,45,F,Ohio,12185 Katherine Springs,44060,Mentor,United States,41.67863078,-81.32790887,Search,13/09/2020 16:32:00
95979,John,Scott,johnscott@example.org,28,M,Ohio,249 Tiffany Roads Suite 155,44060,Mentor,United States,41.67863078,-81.32790887,Search,21/03/2019 14:54:00
98579,Faith,Rodriguez,faithrodriguez@example.net,66,F,Ohio,9569 Corey Pine Suite 347,44060,Mentor,United States,41.67863078,-81.32790887,Organic,11/10/2023 05:35:00
50014,Adrienne,Turner,adrienneturner@example.com,12,F,Ohio,908 Olson Hills Apt. 981,44070,North Olmsted,United States,41.41511467,-81.91942036,Display,04/10/2019 17:46:00
70113,William,Shields,williamshields@example.net,65,M,Ohio,627 Chapman Haven,44070,North Olmsted,United States,41.41511467,-81.91942036,Search,02/04/2022 10:13:00
72848,Brian,Waller,brianwaller@example.com,17,M,Ohio,141 Elizabeth Village,44070,North Olmsted,United States,41.41511467,-81.91942036,Display,20/02/2019 14:40:00
97925,Steve,Kim,stevekim@example.org,20,M,Ohio,14773 Valdez Trafficway,44070,North Olmsted,United States,41.41511467,-81.91942036,Display,25/07/2021 03:36:00
2394,Alexandria,Pacheco,alexandriapacheco@example.org,25,F,Ohio,1420 Petty Cliffs,44077,Painesville,United States,41.70233776,-81.20991803,Search,02/10/2023 13:24:00
7938,Karen,Collier,karencollier@example.org,37,F,Ohio,035 Carroll Plains Apt. 009,44077,Painesville,United States,41.70233776,-81.20991803,Search,17/11/2023 16:22:14
10951,Eric,Crawford,ericcrawford@example.org,68,M,Ohio,736 Davis Dale Suite 526,44077,Painesville,United States,41.70233776,-81.20991803,Organic,07/04/2022 14:05:00
25607,Caitlin,Buck,caitlinbuck@example.com,28,F,Ohio,94424 Flynn Turnpike,44077,Painesville,United States,41.70233776,-81.20991803,Search,28/12/2020 08:38:00
52489,Meghan,Mendez,meghanmendez@example.com,24,F,Ohio,7355 Tracy Roads Apt. 900,44077,Painesville,United States,41.70233776,-81.20991803,Display,02/01/2021 17:31:00
53769,Tina,Lee,tinalee@example.org,61,F,Ohio,48596 Bryan Light,44077,Painesville,United States,41.70233776,-81.20991803,Search,05/02/2021 08:11:00
73951,Kim,Ford,kimford@example.org,47,F,Ohio,88780 Salazar Expressway,44077,Painesville,United States,41.70233776,-81.20991803,Search,03/07/2019 16:29:00
81580,Bonnie,Hancock,bonniehancock@example.net,22,F,Ohio,60712 Johnston Street,44077,Painesville,United States,41.70233776,-81.20991803,Search,17/09/2020 04:25:00
89688,James,Meyers,jamesmeyers@example.com,32,M,Ohio,930 Weeks Throughway,44077,Painesville,United States,41.70233776,-81.20991803,Display,27/01/2023 06:46:00
92842,Jamie,Roberson,jamieroberson@example.org,45,F,Ohio,1256 Smith Corner Apt. 782,44077,Painesville,United States,41.70233776,-81.20991803,Search,08/05/2023 03:16:00
42272,Lisa,Reeves,lisareeves@example.net,56,F,Ohio,8139 Patricia Street,44094,Kirtland,United States,41.60971942,-81.38002748,Search,22/08/2022 08:36:00
58496,Joshua,Spence,joshuaspence@example.com,26,M,Ohio,7771 Kimberly Plaza,44094,Kirtland,United States,41.60971942,-81.38002748,Search,04/06/2023 01:35:00
81040,Emma,Chavez,emmachavez@example.com,38,F,Ohio,735 Jennifer Isle,44094,Kirtland,United States,41.60971942,-81.38002748,Facebook,12/05/2022 03:14:00
91770,Breanna,Orozco,breannaorozco@example.net,38,F,Ohio,9891 Blankenship Landing,44094,Kirtland,United States,41.60971942,-81.38002748,Organic,23/01/2019 02:15:00
99353,Patrick,Taylor,patricktaylor@example.net,23,M,Ohio,9285 Suarez Ranch,44094,Kirtland,United States,41.60971942,-81.38002748,Email,19/12/2019 02:06:00
8102,Nicole,Nguyen,nicolenguyen@example.org,40,F,Ohio,685 Cynthia Street Suite 412,44095,Eastlake,United States,41.65229237,-81.44228313,Search,23/04/2023 16:24:00
21689,Crystal,Cooper,crystalcooper@example.com,44,F,Ohio,167 Terry Ridge Apt. 073,44095,Eastlake,United States,41.65229237,-81.44228313,Search,13/04/2019 02:47:00
38390,Amber,King,amberking@example.org,49,F,Ohio,4109 Novak Falls Suite 294,44095,Eastlake,United States,41.65229237,-81.44228313,Search,03/10/2022 03:00:00
95303,Maria,Diaz,mariadiaz@example.com,34,F,Ohio,60848 Lee Orchard,44095,Eastlake,United States,41.65229237,-81.44228313,Search,18/10/2021 18:58:00
31722,Justin,Mullins,justinmullins@example.org,26,M,Ohio,1460 Michael Common Apt. 828,44102,Cleveland,United States,41.47916318,-81.73833515,Email,20/07/2021 13:39:00
44434,John,Medina,johnmedina@example.org,24,M,Ohio,2140 Victor Avenue,44102,Cleveland,United States,41.47916318,-81.73833515,Search,09/02/2022 10:16:00
24483,Nicholas,Gordon,nicholasgordon@example.net,27,M,Ohio,72567 Veronica Lakes Suite 017,44105,Cleveland,United States,41.4504502,-81.634853,Search,27/12/2020 09:37:00
28094,Jesse,Fernandez,jessefernandez@example.net,26,M,Ohio,9099 Moore Pines Apt. 985,44105,Cleveland,United States,41.4504502,-81.634853,Organic,22/09/2022 06:49:00
28352,Laura,Dean,lauradean@example.net,32,F,Ohio,555 Smith Mill Apt. 721,44105,Cleveland,United States,41.4504502,-81.634853,Search,19/11/2023 04:18:38
46142,Mark,Reed,markreed@example.net,14,M,Ohio,04237 Carlos Point Apt. 307,44105,Cleveland,United States,41.4504502,-81.634853,Search,22/04/2020 09:50:00
54072,Jessica,Daniels,jessicadaniels@example.org,17,F,Ohio,32116 Hansen Hill,44105,Cleveland,United States,41.4504502,-81.634853,Organic,04/05/2022 06:05:00
55296,Daniel,Miller,danielmiller@example.org,46,M,Ohio,9303 Anthony Course,44105,Cleveland,United States,41.4504502,-81.634853,Organic,17/10/2023 15:40:00
60922,Lucas,Lowe,lucaslowe@example.net,21,M,Ohio,1291 Mcgee Row,44105,Cleveland,United States,41.4504502,-81.634853,Search,07/06/2023 18:54:00
71482,Cassandra,Ramos,cassandraramos@example.net,36,F,Ohio,337 Raymond Divide Apt. 265,44105,Cleveland,United States,41.4504502,-81.634853,Search,03/07/2023 13:13:00
80506,Bryan,Mcgee,bryanmcgee@example.com,37,M,Ohio,382 Samantha Villages,44105,Cleveland,United States,41.4504502,-81.634853,Search,13/05/2022 00:14:00
90849,Kathleen,Rogers,kathleenrogers@example.com,57,F,Ohio,50514 Kirk Mews,44105,Cleveland,United States,41.4504502,-81.634853,Search,24/04/2019 07:52:00
97962,Michelle,Flores,michelleflores@example.net,25,F,Ohio,7767 Travis Mission Apt. 530,44105,Cleveland,United States,41.4504502,-81.634853,Facebook,18/11/2023 12:55:00
31678,Victoria,Jimenez,victoriajimenez@example.com,31,F,Ohio,2022 John Expressway Apt. 685,44107,Lakewood,United States,41.48487204,-81.80113328,Search,15/08/2021 08:34:00
34656,Vanessa,Mcintosh,vanessamcintosh@example.com,44,F,Ohio,013 West Gardens Suite 225,44107,Lakewood,United States,41.48487204,-81.80113328,Email,24/10/2019 08:17:00
67431,Amanda,Morris,amandamorris@example.org,41,F,Ohio,8021 Summer Skyway Apt. 257,44107,Lakewood,United States,41.48487204,-81.80113328,Search,01/07/2021 08:29:00
74086,Luke,Robinson,lukerobinson@example.com,62,M,Ohio,697 Wendy Inlet,44107,Lakewood,United States,41.48487204,-81.80113328,Search,24/07/2021 07:15:00
45352,Mary,Martinez,marymartinez@example.com,20,F,Ohio,6836 Andrea Summit,44109,Cleveland,United States,41.44492153,-81.69762344,Organic,30/06/2023 13:51:00
55980,Debra,Henderson,debrahenderson@example.org,26,F,Ohio,6470 Stephen Turnpike,44109,Cleveland,United States,41.44492153,-81.69762344,Search,03/03/2021 17:11:00
72892,Dawn,Pham,dawnpham@example.org,37,F,Ohio,41797 Jose Springs Apt. 720,44109,Cleveland,United States,41.44492153,-81.69762344,Facebook,15/07/2019 18:56:00
88455,Christina,Riley,christinariley@example.org,26,F,Ohio,01823 Brooke Forge Suite 942,44109,Cleveland,United States,41.44492153,-81.69762344,Search,05/11/2022 04:18:00
3216,Nicholas,Brown,nicholasbrown@example.com,63,M,Ohio,40872 Morgan Estate Suite 162,44111,Cleveland,United States,41.45770163,-81.78813392,Organic,12/04/2022 03:29:00
18710,Edward,Cooper,edwardcooper@example.org,25,M,Ohio,913 Brent Underpass Suite 544,44111,Cleveland,United States,41.45770163,-81.78813392,Search,14/11/2022 06:25:00
34514,Xavier,Abbott,xavierabbott@example.org,30,M,Ohio,4353 Kennedy Locks,44111,Cleveland,United States,41.45770163,-81.78813392,Search,05/11/2022 08:49:00
50970,Anthony,Kelly,anthonykelly@example.org,27,M,Ohio,137 Darren Garden,44111,Cleveland,United States,41.45770163,-81.78813392,Search,13/10/2020 17:42:00
54069,Jonathan,Thompson,jonathanthompson@example.net,33,M,Ohio,51627 Kathleen Rest,44111,Cleveland,United States,41.45770163,-81.78813392,Search,19/05/2021 06:48:00
18210,Amy,Frederick,amyfrederick@example.org,38,F,Ohio,3925 Gonzalez Landing Suite 914,44118,Cleveland Heights,United States,41.50199323,-81.55629612,Search,02/09/2019 05:54:00